#Columns,6
#Header_Rows,12
Field_Name,Sample_Name,IGSN,Material,Fe_mg_per_kg,Fe_mg_per_L,Methods_Deviation
Unit,N/A,N/A,N/A,milligrams_per_kilogram,milligrams_per_liter,N/A
Unit_Basis,N/A,N/A,N/A,as_mg_Fe_per_kg_dry_weight,as_mg_Fe_per_L_water,N/A
MethodID_Analysis,N/A,N/A,N/A,Fe_T_AN_001,Fe_T_AN_001,N/A
MethodID_Inspection,N/A,N/A,N/A,Fe_T_IN_001,Fe_T_IN_001,N/A
MethodID_Storage,N/A,N/A,N/A,Fe_T_ST_001,Fe_T_ST_001,N/A
MethodID_Preservation,N/A,N/A,N/A,Fe_T_PRES_001,Fe_T_PRES_001,N/A
MethodID_Preparation,N/A,N/A,N/A,Fe_T_PREP_001,Fe_T_PREP_001,N/A
MethodID_DataProcessing,N/A,N/A,N/A,Fe_T_DP_001,Fe_T_DP_001,N/A
Analysis_DetectionLimit,-9999,-9999,-9999,-9999,0-0.026,N/A
Analysis_Precision,-9999,-9999,-9999,-9999,-9999,N/A
Data_Status,N/A,N/A,N/A,ready_to_use,ready_to_use,N/A
#Start_Data,CM_001_SFE-1,10.58052/IEWDR01Q5,Sediment,-9999,-9999,SFE_ACID_001
N/A,CM_001_SFE-2,10.58052/IEWDR01Q5,Sediment,-9999,-9999,SFE_ACID_001
N/A,CM_001_SFE-3,10.58052/IEWDR01Q5,Sediment,-9999,-9999,SFE_ACID_001
N/A,CM_002_SFE-1,10.58052/IEWDR01Q6,Sediment,0.516,1.515,SFE_RERUN_002
N/A,CM_002_SFE-2,10.58052/IEWDR01Q6,Sediment,0.543,1.822,N/A
N/A,CM_002_SFE-3,10.58052/IEWDR01Q6,Sediment,0.548,1.315,N/A
N/A,CM_003_SFE-1,10.58052/IEWDR01Q7,Sediment,0.149,0.301,N/A
N/A,CM_003_SFE-2,10.58052/IEWDR01Q7,Sediment,0.12,0.232,SFE_RERUN_002
N/A,CM_003_SFE-3,10.58052/IEWDR01Q7,Sediment,0.114,0.249,N/A
N/A,CM_004_SFE-1,10.58052/IEWDR01Q8,Sediment,0.515,1.021,N/A
N/A,CM_004_SFE-2,10.58052/IEWDR01Q8,Sediment,0.416,0.8,N/A
N/A,CM_004_SFE-3,10.58052/IEWDR01Q8,Sediment,0.473,0.975,N/A
N/A,CM_005_SFE-1,10.58052/IEWDR01Q9,Sediment,0.651,1.169,N/A
N/A,CM_005_SFE-2,10.58052/IEWDR01Q9,Sediment,0.52,1.133,SFE_RERUN_002
N/A,CM_005_SFE-3,10.58052/IEWDR01Q9,Sediment,0.57,1.263,N/A
N/A,CM_006_SFE-1,10.58052/IEWDR01QA,Sediment,0.633,2.241,SFE_CV_040
N/A,CM_006_SFE-2,10.58052/IEWDR01QA,Sediment,0.639,2.036,SFE_CV_040
N/A,CM_006_SFE-3,10.58052/IEWDR01QA,Sediment,2.84,8.423,SFE_RERUN_001; SFE_CV_040
N/A,CM_007_SFE-1,10.58052/IEWDR01QB,Sediment,0.087,0.22,N/A
N/A,CM_007_SFE-2,10.58052/IEWDR01QB,Sediment,0.083,0.212,N/A
N/A,CM_007_SFE-3,10.58052/IEWDR01QB,Sediment,0.075,0.201,N/A
N/A,CM_008_SFE-1,10.58052/IEWDR01QC,Sediment,0.207,0.705,INC_QA_001; SFE_CV_040
N/A,CM_008_SFE-2,10.58052/IEWDR01QC,Sediment,0.628,1.716,INC_QA_001; SFE_CV_040
N/A,CM_008_SFE-3,10.58052/IEWDR01QC,Sediment,0.244,0.622,INC_QA_001; SFE_CV_040
N/A,CM_009_SFE-1,10.58052/IEWDR01UU,Sediment,0.238,0.521,N/A
N/A,CM_009_SFE-2,10.58052/IEWDR01UU,Sediment,0.253,0.538,N/A
N/A,CM_009_SFE-3,10.58052/IEWDR01UU,Sediment,0.347,0.678,N/A
N/A,CM_010_SFE-1,10.58052/IEWDR01QD,Sediment,0.04,0.105,SFE_RERUN_002
N/A,CM_010_SFE-2,10.58052/IEWDR01QD,Sediment,0.042,0.128,N/A
N/A,CM_010_SFE-3,10.58052/IEWDR01QD,Sediment,0.045,0.123,N/A
N/A,CM_011_SFE-1,10.58052/IEWDR01QE,Sediment,0.973,2.387,N/A
N/A,CM_011_SFE-2,10.58052/IEWDR01QE,Sediment,1.711,4.825,N/A
N/A,CM_011_SFE-3,10.58052/IEWDR01QE,Sediment,1.61,4.561,N/A
N/A,CM_012_SFE-1,10.58052/IEWDR01QF,Sediment,0.648,1.637,SFE_RERUN_002
N/A,CM_012_SFE-2,10.58052/IEWDR01QF,Sediment,1.025,2.534,N/A
N/A,CM_012_SFE-3,10.58052/IEWDR01QF,Sediment,0.651,2.087,N/A
N/A,CM_013_SFE-1,10.58052/IEWDR01QG,Sediment,0.366,0.768,SFE_CV_040
N/A,CM_013_SFE-2,10.58052/IEWDR01QG,Sediment,0.394,0.866,SFE_CV_040
N/A,CM_013_SFE-3,10.58052/IEWDR01QG,Sediment,0.87,1.836,SFE_CV_040
N/A,CM_014_SFE-1,10.58052/IEWDR01QH,Sediment,0.48,1.094,N/A
N/A,CM_014_SFE-2,10.58052/IEWDR01QH,Sediment,0.829,1.982,N/A
N/A,CM_014_SFE-3,10.58052/IEWDR01QH,Sediment,0.449,1.099,N/A
N/A,CM_015_SFE-1,10.58052/IEWDR01QI,Sediment,1.279,2.53,N/A
N/A,CM_015_SFE-2,10.58052/IEWDR01QI,Sediment,0.658,1.451,N/A
N/A,CM_015_SFE-3,10.58052/IEWDR01QI,Sediment,0.926,2.208,SFE_RERUN_002
N/A,CM_016_SFE-1,10.58052/IEWDR01QJ,Sediment,-9999,-9999,SFE_ACID_001
N/A,CM_016_SFE-2,10.58052/IEWDR01QJ,Sediment,2.898,9.53,SFE_RERUN_001
N/A,CM_016_SFE-3,10.58052/IEWDR01QJ,Sediment,-9999,-9999,SFE_ACID_001
N/A,CM_017_SFE-1,10.58052/IEWDR01QK,Sediment,0.142,0.387,N/A
N/A,CM_017_SFE-2,10.58052/IEWDR01QK,Sediment,0.15,0.381,N/A
N/A,CM_017_SFE-3,10.58052/IEWDR01QK,Sediment,0.197,0.436,N/A
N/A,CM_018_SFE-1,10.58052/IEWDR01QL,Sediment,0.073,0.115,N/A
N/A,CM_018_SFE-2,10.58052/IEWDR01QL,Sediment,0.086,0.143,N/A
N/A,CM_018_SFE-3,10.58052/IEWDR01QL,Sediment,0.089,0.151,N/A
N/A,CM_020_SFE-1,10.58052/IEWDR01QM,Sediment,0.155,0.252,N/A
N/A,CM_020_SFE-2,10.58052/IEWDR01QM,Sediment,0.116,0.198,N/A
N/A,CM_020_SFE-3,10.58052/IEWDR01QM,Sediment,0.159,0.264,N/A
N/A,CM_021_SFE-1,10.58052/IEWDR01QN,Sediment,0.055,0.158,SFE_RERUN_002; INC_QA_000
N/A,CM_021_SFE-2,10.58052/IEWDR01QN,Sediment,0.031,0.091,SFE_RERUN_002
N/A,CM_021_SFE-3,10.58052/IEWDR01QN,Sediment,0.048,0.124,N/A
N/A,CM_022_SFE-1,10.58052/IEWDR01QO,Sediment,0.319,0.953,N/A
N/A,CM_022_SFE-2,10.58052/IEWDR01QO,Sediment,0.265,0.77,N/A
N/A,CM_022_SFE-3,10.58052/IEWDR01QO,Sediment,0.511,1.629,N/A
N/A,CM_023_SFE-1,10.58052/IEWDR01QP,Sediment,1.089,3.518,N/A
N/A,CM_023_SFE-2,10.58052/IEWDR01QP,Sediment,0.693,2.329,N/A
N/A,CM_023_SFE-3,10.58052/IEWDR01QP,Sediment,0.901,2.899,N/A
N/A,CM_024_SFE-1,10.58052/IEWDR01QQ,Sediment,0.12,0.335,N/A
N/A,CM_024_SFE-2,10.58052/IEWDR01QQ,Sediment,0.079,0.195,N/A
N/A,CM_024_SFE-3,10.58052/IEWDR01QQ,Sediment,0.071,0.185,N/A
N/A,CM_025_SFE-1,N/A,Sediment,-9999,-9999,VI_SFE_001
N/A,CM_025_SFE-2,N/A,Sediment,-9999,-9999,VI_SFE_001
N/A,CM_025_SFE-3,N/A,Sediment,-9999,-9999,VI_SFE_001
N/A,CM_026_SFE-1,N/A,Sediment,-9999,-9999,VI_SFE_001
N/A,CM_026_SFE-2,N/A,Sediment,-9999,-9999,VI_SFE_001
N/A,CM_026_SFE-3,N/A,Sediment,-9999,-9999,VI_SFE_001
N/A,CM_027_SFE-1,10.58052/IEWDR01QR,Sediment,2.746,6.699,SFE_RERUN_001
N/A,CM_027_SFE-2,10.58052/IEWDR01QR,Sediment,2.808,6.987,SFE_RERUN_001
N/A,CM_027_SFE-3,10.58052/IEWDR01QR,Sediment,2.876,7.278,SFE_RERUN_001
N/A,CM_028_SFE-1,10.58052/IEWDR01QS,Sediment,0.148,0.347,SFE_CV_040
N/A,CM_028_SFE-2,10.58052/IEWDR01QS,Sediment,0.063,0.147,SFE_CV_040
N/A,CM_028_SFE-3,10.58052/IEWDR01QS,Sediment,0.446,0.94,SFE_CV_040
N/A,CM_029_SFE-1,N/A,Sediment,-9999,-9999,VI_SFE_001
N/A,CM_029_SFE-2,N/A,Sediment,-9999,-9999,VI_SFE_001
N/A,CM_029_SFE-3,N/A,Sediment,-9999,-9999,VI_SFE_001
N/A,CM_030_SFE-1,N/A,Sediment,-9999,-9999,VI_SFE_001
N/A,CM_030_SFE-2,N/A,Sediment,-9999,-9999,VI_SFE_001
N/A,CM_030_SFE-3,N/A,Sediment,-9999,-9999,VI_SFE_001
N/A,CM_032_SFE-1,10.58052/IEWDR01QT,Sediment,0.102,0.496,SFE_RERUN_002; SFE_CV_040
N/A,CM_032_SFE-2,10.58052/IEWDR01QT,Sediment,2.989,15.165,SFE_RERUN_001; SFE_CV_040
N/A,CM_032_SFE-3,10.58052/IEWDR01QT,Sediment,2.948,13.608,SFE_RERUN_001; SFE_CV_040
N/A,CM_033_SFE-1,10.58052/IEWDR01QU,Sediment,0.015,0.044,N/A
N/A,CM_033_SFE-2,10.58052/IEWDR01QU,Sediment,0.016,0.047,N/A
N/A,CM_033_SFE-3,10.58052/IEWDR01QU,Sediment,0.015,0.043,SFE_RERUN_002
N/A,CM_034_SFE-1,10.58052/IEWDR01QV,Sediment,0.603,1.579,N/A
N/A,CM_034_SFE-2,10.58052/IEWDR01QV,Sediment,1.121,2.534,N/A
N/A,CM_034_SFE-3,10.58052/IEWDR01QV,Sediment,1.2,2.783,N/A
N/A,CM_035_SFE-1,10.58052/IEWDR01QW,Sediment,0.297,0.71,N/A
N/A,CM_035_SFE-2,10.58052/IEWDR01QW,Sediment,0.457,1.062,N/A
N/A,CM_035_SFE-3,10.58052/IEWDR01QW,Sediment,0.334,0.732,N/A
N/A,CM_037_SFE-1,10.58052/IEWDR01QX,Sediment,0.231,0.604,N/A
N/A,CM_037_SFE-2,10.58052/IEWDR01QX,Sediment,0.236,0.588,N/A
N/A,CM_037_SFE-3,10.58052/IEWDR01QX,Sediment,0.214,0.433,SFE_RERUN_002
N/A,CM_038_SFE-1,10.58052/IEWDR01QY,Sediment,0.074,0.194,N/A
N/A,CM_038_SFE-2,10.58052/IEWDR01QY,Sediment,0.115,0.325,N/A
N/A,CM_038_SFE-3,10.58052/IEWDR01QY,Sediment,0.165,0.424,SFE_RERUN_002
N/A,CM_039_SFE-1,10.58052/IEWDR01QZ,Sediment,0.028,0.056,N/A
N/A,CM_039_SFE-2,10.58052/IEWDR01QZ,Sediment,0.04,0.085,SFE_RERUN_002
N/A,CM_039_SFE-3,10.58052/IEWDR01QZ,Sediment,0.041,0.081,N/A
N/A,CM_040_SFE-1,10.58052/IEWDR01R0,Sediment,2.803,5.534,SFE_RERUN_001
N/A,CM_040_SFE-2,10.58052/IEWDR01R0,Sediment,2.876,6.599,SFE_RERUN_001
N/A,CM_040_SFE-3,10.58052/IEWDR01R0,Sediment,2.873,7.94,SFE_RERUN_001
N/A,CM_041_SFE-1,10.58052/IEWDR01R1,Sediment,0.158,0.326,N/A
N/A,CM_041_SFE-2,10.58052/IEWDR01R1,Sediment,0.213,0.417,N/A
N/A,CM_041_SFE-3,10.58052/IEWDR01R1,Sediment,0.22,0.482,N/A
N/A,CM_042_SFE-1,10.58052/IEWDR01R2,Sediment,0.108,0.216,SFE_CV_040
N/A,CM_042_SFE-2,10.58052/IEWDR01R2,Sediment,0.06,0.119,SFE_CV_040
N/A,CM_042_SFE-3,10.58052/IEWDR01R2,Sediment,0.038,0.084,SFE_RERUN_002; SFE_CV_040
N/A,CM_043_SFE-1,10.58052/IEWDR01UX,Sediment,-9999,-9999,VI_SFE_002
N/A,CM_043_SFE-2,10.58052/IEWDR01UX,Sediment,-9999,-9999,VI_SFE_002
N/A,CM_043_SFE-3,10.58052/IEWDR01UX,Sediment,-9999,-9999,VI_SFE_002
N/A,CM_044_SFE-1,10.58052/IEWDR01V0,Sediment,0.175,0.358,SFE_RERUN_002
N/A,CM_044_SFE-2,10.58052/IEWDR01V0,Sediment,0.237,0.517,N/A
N/A,CM_044_SFE-3,10.58052/IEWDR01V0,Sediment,0.174,0.365,N/A
N/A,CM_045_SFE-1,10.58052/IEWDR01V3,Sediment,0.038,0.066,N/A
N/A,CM_045_SFE-2,10.58052/IEWDR01V3,Sediment,0.057,0.099,N/A
N/A,CM_045_SFE-3,10.58052/IEWDR01V3,Sediment,0.044,0.081,N/A
N/A,CM_046_SFE-1,10.58052/IEWDR01V6,Sediment,0.437,0.852,N/A
N/A,CM_046_SFE-2,10.58052/IEWDR01V6,Sediment,0.358,0.776,N/A
N/A,CM_046_SFE-3,10.58052/IEWDR01V6,Sediment,0.399,0.791,N/A
N/A,CM_047_SFE-1,10.58052/IEWDR01ZH,Sediment,0.049,0.08,N/A
N/A,CM_047_SFE-2,10.58052/IEWDR01ZH,Sediment,0.052,0.099,N/A
N/A,CM_047_SFE-3,10.58052/IEWDR01ZH,Sediment,0.035,0.064,N/A
N/A,CM_047_SFE-4,10.58052/IEWDR01ZH,Sediment,SFE_Below_0.016_ppm_LOD|0.012_ppm_Raw_Not_Corrected|0.012_ppm_Final_Corrected,SFE_Below_0.016_ppm_LOD|0.012_ppm_Raw_Not_Corrected|0.082_ppm_Final_Corrected,DTL_003; SFE_001
N/A,CM_047_SFE-5,10.58052/IEWDR01ZH,Sediment,SFE_Below_0.016_ppm_LOD|0.012_ppm_Raw_Not_Corrected|0.012_ppm_Final_Corrected,SFE_Below_0.016_ppm_LOD|0.012_ppm_Raw_Not_Corrected|0.083_ppm_Final_Corrected,DTL_003; SFE_001
N/A,CM_047_SFE-6,10.58052/IEWDR01ZH,Sediment,SFE_Below_0.016_ppm_LOD|0.008_ppm_Raw_Not_Corrected|0.008_ppm_Final_Corrected,SFE_Below_0.016_ppm_LOD|0.008_ppm_Raw_Not_Corrected|0.061_ppm_Final_Corrected,DTL_003; SFE_001
N/A,CM_048_SFE-1,10.58052/IEWDR01ZI,Sediment,0.054,0.126,N/A
N/A,CM_048_SFE-2,10.58052/IEWDR01ZI,Sediment,0.059,0.117,N/A
N/A,CM_048_SFE-3,10.58052/IEWDR01ZI,Sediment,0.066,0.156,N/A
N/A,CM_049_SFE-1,10.58052/IEWDR01ZJ,Sediment,0.086,0.153,N/A
N/A,CM_049_SFE-2,10.58052/IEWDR01ZJ,Sediment,0.078,0.16,N/A
N/A,CM_049_SFE-3,10.58052/IEWDR01ZJ,Sediment,0.076,0.152,N/A
N/A,CM_049_SFE-4,10.58052/IEWDR01ZJ,Sediment,0.029,0.235,SFE_001
N/A,CM_049_SFE-5,10.58052/IEWDR01ZJ,Sediment,0.029,0.286,SFE_001
N/A,CM_049_SFE-6,10.58052/IEWDR01ZJ,Sediment,0.03,0.301,SFE_001
N/A,CM_050_SFE-1,10.58052/IEWDR01V9,Sediment,0.462,1.425,N/A
N/A,CM_050_SFE-2,10.58052/IEWDR01V9,Sediment,0.672,2.038,N/A
N/A,CM_050_SFE-3,10.58052/IEWDR01V9,Sediment,0.51,1.88,N/A
N/A,CM_051_SFE-1,10.58052/IEWDR01VC,Sediment,0.231,0.506,N/A
N/A,CM_051_SFE-2,10.58052/IEWDR01VC,Sediment,0.219,0.479,N/A
N/A,CM_051_SFE-3,10.58052/IEWDR01VC,Sediment,0.317,0.752,SFE_RERUN_002
N/A,CM_052_SFE-1,10.58052/IEWDR01VF,Sediment,0.615,1.745,N/A
N/A,CM_052_SFE-2,10.58052/IEWDR01VF,Sediment,0.638,1.976,N/A
N/A,CM_052_SFE-3,10.58052/IEWDR01VF,Sediment,0.725,2.236,N/A
N/A,CM_053_SFE-1,10.58052/IEWDR01ZK,Sediment,0.19,0.543,N/A
N/A,CM_053_SFE-2,10.58052/IEWDR01ZK,Sediment,0.164,0.453,N/A
N/A,CM_053_SFE-3,10.58052/IEWDR01ZK,Sediment,0.209,0.574,N/A
N/A,CM_054_SFE-1,10.58052/IEWDR01ZL,Sediment,0.303,0.941,N/A
N/A,CM_054_SFE-2,10.58052/IEWDR01ZL,Sediment,0.324,0.919,N/A
N/A,CM_054_SFE-3,10.58052/IEWDR01ZL,Sediment,0.445,1.146,N/A
N/A,CM_055_SFE-1,10.58052/IEWDR01ZM,Sediment,0.254,0.702,N/A
N/A,CM_055_SFE-2,10.58052/IEWDR01ZM,Sediment,0.375,0.974,N/A
N/A,CM_055_SFE-3,10.58052/IEWDR01ZM,Sediment,0.217,0.617,N/A
N/A,CM_055_SFE-4,10.58052/IEWDR01ZM,Sediment,0.105,0.824,SFE_001
N/A,CM_055_SFE-5,10.58052/IEWDR01ZM,Sediment,0.107,0.966,SFE_001
N/A,CM_055_SFE-6,10.58052/IEWDR01ZM,Sediment,0.088,0.87,SFE_001
N/A,CM_056_SFE-1,10.58052/IEWDR01VI,Sediment,0.047,0.116,N/A
N/A,CM_056_SFE-2,10.58052/IEWDR01VI,Sediment,0.054,0.126,N/A
N/A,CM_056_SFE-3,10.58052/IEWDR01VI,Sediment,0.053,0.126,N/A
N/A,CM_057_SFE-1,10.58052/IEWDR01VL,Sediment,0.034,0.081,N/A
N/A,CM_057_SFE-2,10.58052/IEWDR01VL,Sediment,0.029,0.06,SFE_RERUN_002
N/A,CM_057_SFE-3,10.58052/IEWDR01VL,Sediment,0.038,0.083,SFE_RERUN_002
N/A,CM_058_SFE-1,10.58052/IEWDR01VO,Sediment,0.051,0.105,N/A
N/A,CM_058_SFE-2,10.58052/IEWDR01VO,Sediment,0.053,0.113,N/A
N/A,CM_058_SFE-3,10.58052/IEWDR01VO,Sediment,0.053,0.125,N/A
N/A,CM_059_SFE-1,10.58052/IEWDR01ZN,Sediment,SFE_Below_0.016_ppm_LOD|0.015_ppm_Raw_Not_Corrected|0.015_ppm_Final_Corrected,SFE_Below_0.016_ppm_LOD|0.015_ppm_Raw_Not_Corrected|0.029_ppm_Final_Corrected,DTL_003
N/A,CM_059_SFE-2,10.58052/IEWDR01ZN,Sediment,0.018,0.033,N/A
N/A,CM_059_SFE-3,10.58052/IEWDR01ZN,Sediment,0.017,0.034,N/A
N/A,CM_059_SFE-4,10.58052/IEWDR01ZN,Sediment,SFE_Below_0.016_ppm_LOD|0.004_ppm_Raw_Not_Corrected|0.004_ppm_Final_Corrected,SFE_Below_0.016_ppm_LOD|0.004_ppm_Raw_Not_Corrected|0.03_ppm_Final_Corrected,DTL_003; SFE_001
N/A,CM_059_SFE-5,10.58052/IEWDR01ZN,Sediment,SFE_Below_0.016_ppm_LOD|0.003_ppm_Raw_Not_Corrected|0.003_ppm_Final_Corrected,SFE_Below_0.016_ppm_LOD|0.003_ppm_Raw_Not_Corrected|0.024_ppm_Final_Corrected,DTL_003; SFE_001
N/A,CM_059_SFE-6,10.58052/IEWDR01ZN,Sediment,SFE_Below_0.016_ppm_LOD|0.008_ppm_Raw_Not_Corrected|0.008_ppm_Final_Corrected,SFE_Below_0.016_ppm_LOD|0.008_ppm_Raw_Not_Corrected|0.063_ppm_Final_Corrected,DTL_003; SFE_001
N/A,CM_060_SFE-1,10.58052/IEWDR01ZO,Sediment,0.304,0.589,N/A
N/A,CM_060_SFE-2,10.58052/IEWDR01ZO,Sediment,0.214,0.459,N/A
N/A,CM_060_SFE-3,10.58052/IEWDR01ZO,Sediment,0.272,0.539,N/A
N/A,CM_061_SFE-1,10.58052/IEWDR01ZP,Sediment,0.085,0.163,N/A
N/A,CM_061_SFE-2,10.58052/IEWDR01ZP,Sediment,0.076,0.152,N/A
N/A,CM_061_SFE-3,10.58052/IEWDR01ZP,Sediment,0.086,0.159,N/A
N/A,CM_061_SFE-4,10.58052/IEWDR01ZP,Sediment,0.03,0.315,SFE_001
N/A,CM_061_SFE-5,10.58052/IEWDR01ZP,Sediment,0.031,0.316,SFE_001
N/A,CM_061_SFE-6,10.58052/IEWDR01ZP,Sediment,0.036,0.342,SFE_001
N/A,CM_062_SFE-1,10.58052/IEWDR01R3,Sediment,0.246,0.6,N/A
N/A,CM_062_SFE-2,10.58052/IEWDR01R3,Sediment,0.404,0.906,SFE_RERUN_002
N/A,CM_062_SFE-3,10.58052/IEWDR01R3,Sediment,0.204,0.494,N/A
N/A,CM_063_SFE-1,10.58052/IEWDR01R4,Sediment,0.634,1.843,N/A
N/A,CM_063_SFE-2,10.58052/IEWDR01R4,Sediment,0.621,1.616,N/A
N/A,CM_063_SFE-3,10.58052/IEWDR01R4,Sediment,0.434,1.285,N/A
N/A,CM_064_SFE-1,10.58052/IEWDR01VR,Sediment,0.043,0.086,SFE_CV_040
N/A,CM_064_SFE-2,10.58052/IEWDR01VR,Sediment,0.044,0.103,SFE_CV_040
N/A,CM_064_SFE-3,10.58052/IEWDR01VR,Sediment,0.215,0.516,SFE_CV_040
N/A,CM_065_SFE-1,10.58052/IEWDR01ZQ,Sediment,0.447,0.906,N/A
N/A,CM_065_SFE-2,10.58052/IEWDR01ZQ,Sediment,0.412,0.837,N/A
N/A,CM_065_SFE-3,10.58052/IEWDR01ZQ,Sediment,0.596,1.171,N/A
N/A,CM_066_SFE-1,10.58052/IEWDR01VU,Sediment,0.154,0.362,N/A
N/A,CM_066_SFE-2,10.58052/IEWDR01VU,Sediment,0.14,0.341,N/A
N/A,CM_066_SFE-3,10.58052/IEWDR01VU,Sediment,0.127,0.295,SFE_RERUN_002
N/A,CM_068_SFE-1,10.58052/IEWDR01VX,Sediment,2.944,16.4,SFE_RERUN_001
N/A,CM_068_SFE-2,10.58052/IEWDR01VX,Sediment,3.096,18.048,SFE_RERUN_001
N/A,CM_068_SFE-3,10.58052/IEWDR01VX,Sediment,3.029,15.234,SFE_RERUN_001
N/A,CM_068_SFE-4,10.58052/IEWDR01VX,Sediment,0.371,7.37,SFE_001
N/A,CM_068_SFE-5,10.58052/IEWDR01VX,Sediment,0.457,9.515,SFE_001
N/A,CM_068_SFE-6,10.58052/IEWDR01VX,Sediment,0.362,7.096,SFE_001
N/A,CM_069_SFE-1,10.58052/IEWDR01W0,Sediment,0.266,0.53,N/A
N/A,CM_069_SFE-2,10.58052/IEWDR01W0,Sediment,0.274,0.535,N/A
N/A,CM_069_SFE-3,10.58052/IEWDR01W0,Sediment,0.249,0.529,N/A
N/A,CM_070_SFE-1,10.58052/IEWDR01W3,Sediment,0.424,0.854,N/A
N/A,CM_070_SFE-2,10.58052/IEWDR01W3,Sediment,0.354,0.644,N/A
N/A,CM_070_SFE-3,10.58052/IEWDR01W3,Sediment,0.38,0.814,N/A
N/A,CM_071_SFE-1,10.58052/IEWDR01W6,Sediment,2.999,10.8,SFE_RERUN_001
N/A,CM_071_SFE-2,10.58052/IEWDR01W6,Sediment,3,10.096,SFE_RERUN_001
N/A,CM_071_SFE-3,10.58052/IEWDR01W6,Sediment,3.008,11.978,SFE_RERUN_001
N/A,CM_071_SFE-4,10.58052/IEWDR01W6,Sediment,0.322,7.107,SFE_001
N/A,CM_071_SFE-5,10.58052/IEWDR01W6,Sediment,0.252,4.154,SFE_001
N/A,CM_071_SFE-6,10.58052/IEWDR01W6,Sediment,0.309,5.197,SFE_001
N/A,CM_072_SFE-1,10.58052/IEWDR01W9,Sediment,-9999,-9999,SFE_ACID_001
N/A,CM_072_SFE-2,10.58052/IEWDR01W9,Sediment,-9999,-9999,SFE_ACID_001
N/A,CM_072_SFE-3,10.58052/IEWDR01W9,Sediment,-9999,-9999,SFE_ACID_001
N/A,CM_072_SFE-4,10.58052/IEWDR01W9,Sediment,0.29,3.909,SFE_001
N/A,CM_072_SFE-5,10.58052/IEWDR01W9,Sediment,0.343,4.901,SFE_001
N/A,CM_072_SFE-6,10.58052/IEWDR01W9,Sediment,0.185,3.825,SFE_001
N/A,CM_073_SFE-1,10.58052/IEWDR01WC,Sediment,0.11,0.227,N/A
N/A,CM_073_SFE-2,10.58052/IEWDR01WC,Sediment,0.104,0.206,SFE_RERUN_002
N/A,CM_073_SFE-3,10.58052/IEWDR01WC,Sediment,0.123,0.235,N/A
N/A,CM_074_SFE-1,10.58052/IEWDR01WF,Sediment,0.026,0.051,N/A
N/A,CM_074_SFE-2,10.58052/IEWDR01WF,Sediment,0.028,0.056,N/A
N/A,CM_074_SFE-3,10.58052/IEWDR01WF,Sediment,0.033,0.069,N/A
N/A,CM_075_SFE-1,10.58052/IEWDR01WI,Sediment,1.063,2.274,N/A
N/A,CM_075_SFE-2,10.58052/IEWDR01WI,Sediment,0.943,2.003,N/A
N/A,CM_075_SFE-3,10.58052/IEWDR01WI,Sediment,0.813,1.77,N/A
N/A,CM_075_SFE-4,10.58052/IEWDR01WI,Sediment,0.222,3.003,SFE_001
N/A,CM_075_SFE-5,10.58052/IEWDR01WI,Sediment,0.234,3.145,SFE_001
N/A,CM_075_SFE-6,10.58052/IEWDR01WI,Sediment,0.302,2.668,SFE_001; SFE_RERUN_002
N/A,CM_076_SFE-1,10.58052/IEWDR01WL,Sediment,1.418,2.978,N/A
N/A,CM_076_SFE-2,10.58052/IEWDR01WL,Sediment,1.416,2.982,N/A
N/A,CM_076_SFE-3,10.58052/IEWDR01WL,Sediment,1.132,2.652,N/A
N/A,CM_077_SFE-1,10.58052/IEWDR01WO,Sediment,0.036,0.069,N/A
N/A,CM_077_SFE-2,10.58052/IEWDR01WO,Sediment,0.042,0.086,N/A
N/A,CM_077_SFE-3,10.58052/IEWDR01WO,Sediment,0.044,0.081,N/A
N/A,CM_078_SFE-1,10.58052/IEWDR01WR,Sediment,0.695,2.128,N/A
N/A,CM_078_SFE-2,10.58052/IEWDR01WR,Sediment,0.548,2.414,N/A
N/A,CM_078_SFE-3,10.58052/IEWDR01WR,Sediment,0.519,1.584,N/A
N/A,CM_078_SFE-4,10.58052/IEWDR01WR,Sediment,0.372,4.364,SFE_001
N/A,CM_078_SFE-5,10.58052/IEWDR01WR,Sediment,0.6,6.257,SFE_001
N/A,CM_078_SFE-6,10.58052/IEWDR01WR,Sediment,0.394,4.008,SFE_001
N/A,CM_079_SFE-1,10.58052/IEWDR01WU,Sediment,-9999,-9999,SFE_ACID_001
N/A,CM_079_SFE-2,10.58052/IEWDR01WU,Sediment,0.199,0.408,
N/A,CM_079_SFE-3,10.58052/IEWDR01WU,Sediment,0.12,0.261,SFE_RERUN_002
N/A,CM_080_SFE-1,10.58052/IEWDR01WX,Sediment,0.414,5.654,SFE_RERUN_002
N/A,CM_080_SFE-2,10.58052/IEWDR01WX,Sediment,0.488,6.258,N/A
N/A,CM_080_SFE-3,10.58052/IEWDR01WX,Sediment,0.504,6.187,N/A
N/A,CM_080_SFE-4,10.58052/IEWDR01WX,Sediment,0.171,9.515,SFE_001
N/A,CM_080_SFE-5,10.58052/IEWDR01WX,Sediment,0.144,6.849,SFE_001
N/A,CM_080_SFE-6,10.58052/IEWDR01WX,Sediment,0.128,7.487,SFE_001
N/A,CM_081_SFE-1,10.58052/IEWDR01X0,Sediment,0.8,1.57,N/A
N/A,CM_081_SFE-2,10.58052/IEWDR01X0,Sediment,0.627,1.348,N/A
N/A,CM_081_SFE-3,10.58052/IEWDR01X0,Sediment,0.489,1.34,N/A
N/A,CM_082_SFE-1,10.58052/IEWDR01X3,Sediment,0.329,0.713,N/A
N/A,CM_082_SFE-2,10.58052/IEWDR01X3,Sediment,0.284,0.592,N/A
N/A,CM_082_SFE-3,10.58052/IEWDR01X3,Sediment,0.335,0.738,N/A
N/A,CM_082_SFE-4,10.58052/IEWDR01X3,Sediment,0.121,0.942,SFE_001
N/A,CM_082_SFE-5,10.58052/IEWDR01X3,Sediment,0.093,0.979,SFE_001
N/A,CM_082_SFE-6,10.58052/IEWDR01X3,Sediment,0.089,1.034,SFE_001
N/A,CM_083_SFE-1,10.58052/IEWDR01ZR,Sediment,0.374,0.875,N/A
N/A,CM_083_SFE-2,10.58052/IEWDR01ZR,Sediment,0.45,0.941,N/A
N/A,CM_083_SFE-3,10.58052/IEWDR01ZR,Sediment,0.491,0.912,N/A
N/A,CM_083_SFE-4,10.58052/IEWDR01ZR,Sediment,0.09,0.796,SFE_001
N/A,CM_083_SFE-5,10.58052/IEWDR01ZR,Sediment,0.088,0.822,SFE_001
N/A,CM_083_SFE-6,10.58052/IEWDR01ZR,Sediment,0.089,0.738,SFE_001
N/A,CM_084_SFE-1,10.58052/IEWDR01X6,Sediment,0.469,1.011,N/A
N/A,CM_084_SFE-2,10.58052/IEWDR01X6,Sediment,0.379,0.795,N/A
N/A,CM_084_SFE-3,10.58052/IEWDR01X6,Sediment,0.531,1.202,N/A
N/A,CM_085_SFE-1,10.58052/IEWDR01X9,Sediment,1.651,3.419,N/A
N/A,CM_085_SFE-2,10.58052/IEWDR01X9,Sediment,1.946,3.759,N/A
N/A,CM_085_SFE-3,10.58052/IEWDR01X9,Sediment,1.85,4.272,N/A
N/A,CM_086_SFE-1,10.58052/IEWDR01ZS,Sediment,2.781,9.474,SFE_RERUN_001
N/A,CM_086_SFE-2,10.58052/IEWDR01ZS,Sediment,2.816,9.616,SFE_RERUN_001
N/A,CM_086_SFE-3,10.58052/IEWDR01ZS,Sediment,2.569,7.235,SFE_RERUN_001
N/A,CM_086_SFE-4,10.58052/IEWDR01ZS,Sediment,3.137,32.499,SFE_001; SFE_RERUN_001
N/A,CM_086_SFE-5,10.58052/IEWDR01ZS,Sediment,2.21,31.982,SFE_001; SFE_RERUN_001
N/A,CM_086_SFE-6,10.58052/IEWDR01ZS,Sediment,2.66,43.597,SFE_001; SFE_RERUN_001
N/A,CM_087_SFE-1,10.58052/IEWDR01ZT,Sediment,2.939,7.712,SFE_RERUN_001
N/A,CM_087_SFE-2,10.58052/IEWDR01ZT,Sediment,2.83,6.928,SFE_RERUN_001
N/A,CM_087_SFE-3,10.58052/IEWDR01ZT,Sediment,2.867,7.605,SFE_RERUN_001
N/A,CM_087_SFE-4,10.58052/IEWDR01ZT,Sediment,1.277,18.649,SFE_001
N/A,CM_087_SFE-5,10.58052/IEWDR01ZT,Sediment,1.617,19.054,SFE_001
N/A,CM_087_SFE-6,10.58052/IEWDR01ZT,Sediment,1.524,18.025,SFE_001
N/A,CM_088_SFE-1,10.58052/IEWDR01XC,Sediment,0.331,0.896,N/A
N/A,CM_088_SFE-2,10.58052/IEWDR01XC,Sediment,0.431,1.146,N/A
N/A,CM_088_SFE-3,10.58052/IEWDR01XC,Sediment,0.388,0.911,N/A
N/A,CM_089_SFE-1,10.58052/IEWDR01ZU,Sediment,0.184,0.382,N/A
N/A,CM_089_SFE-2,10.58052/IEWDR01ZU,Sediment,0.201,0.378,N/A
N/A,CM_089_SFE-3,10.58052/IEWDR01ZU,Sediment,0.201,0.393,N/A
N/A,CM_090_SFE-1,10.58052/IEWDR01ZV,Sediment,3.489,5.583,SFE_RERUN_001
N/A,CM_090_SFE-2,10.58052/IEWDR01ZV,Sediment,3.417,5.735,SFE_RERUN_001
N/A,CM_090_SFE-3,10.58052/IEWDR01ZV,Sediment,3.401,5.759,SFE_RERUN_001
N/A,CM_090_SFE-4,10.58052/IEWDR01ZV,Sediment,0.75,6.021,SFE_001
N/A,CM_090_SFE-5,10.58052/IEWDR01ZV,Sediment,0.641,5.406,SFE_001
N/A,CM_090_SFE-6,10.58052/IEWDR01ZV,Sediment,0.534,6.043,SFE_001
N/A,CM_091_SFE-1,10.58052/IEWDR01ZW,Sediment,1.161,2.466,N/A
N/A,CM_091_SFE-2,10.58052/IEWDR01ZW,Sediment,1.094,2.233,N/A
N/A,CM_091_SFE-3,10.58052/IEWDR01ZW,Sediment,1.007,1.965,N/A
N/A,CM_091_SFE-4,10.58052/IEWDR01ZW,Sediment,0.21,2.409,SFE_001
N/A,CM_091_SFE-5,10.58052/IEWDR01ZW,Sediment,0.157,1.419,SFE_001
N/A,CM_091_SFE-6,10.58052/IEWDR01ZW,Sediment,0.105,1.641,SFE_001
N/A,CM_092_SFE-1,10.58052/IEWDR01ZX,Sediment,0.26,0.445,N/A
N/A,CM_092_SFE-2,10.58052/IEWDR01ZX,Sediment,0.24,0.415,N/A
N/A,CM_092_SFE-3,10.58052/IEWDR01ZX,Sediment,0.251,0.445,N/A
N/A,CM_093_SFE-1,10.58052/IEWDR01ZY,Sediment,0.124,0.221,N/A
N/A,CM_093_SFE-2,10.58052/IEWDR01ZY,Sediment,0.123,0.219,N/A
N/A,CM_093_SFE-3,10.58052/IEWDR01ZY,Sediment,0.126,0.237,N/A
N/A,CM_094_SFE-1,10.58052/IEWDR01ZZ,Sediment,1.372,3.058,N/A
N/A,CM_094_SFE-2,10.58052/IEWDR01ZZ,Sediment,1.653,3.289,N/A
N/A,CM_094_SFE-3,10.58052/IEWDR01ZZ,Sediment,1.867,3.92,N/A
N/A,CM_095_SFE-1,10.58052/IEWDR0200,Sediment,0.883,2.586,SFE_CV_040
N/A,CM_095_SFE-2,10.58052/IEWDR0200,Sediment,1.831,5.09,SFE_CV_040
N/A,CM_095_SFE-3,10.58052/IEWDR0200,Sediment,2.293,5.77,SFE_RERUN_001; SFE_CV_040
N/A,CM_095_SFE-4,10.58052/IEWDR0200,Sediment,0.128,2.098,SFE_001
N/A,CM_095_SFE-5,10.58052/IEWDR0200,Sediment,0.096,1.418,SFE_001
N/A,CM_095_SFE-6,10.58052/IEWDR0200,Sediment,0.075,1.313,SFE_001
N/A,CM_096_SFE-1,10.58052/IEWDR0201,Sediment,0.174,0.449,N/A
N/A,CM_096_SFE-2,10.58052/IEWDR0201,Sediment,0.184,0.398,N/A
N/A,CM_096_SFE-3,10.58052/IEWDR0201,Sediment,0.178,0.422,N/A
N/A,CM_097_SFE-1,10.58052/IEWDR0202,Sediment,0.03,0.071,N/A
N/A,CM_097_SFE-2,10.58052/IEWDR0202,Sediment,0.031,0.071,N/A
N/A,CM_097_SFE-3,10.58052/IEWDR0202,Sediment,0.026,0.066,N/A
N/A,CM_097_SFE-4,10.58052/IEWDR0202,Sediment,0.017,0.17,SFE_001
N/A,CM_097_SFE-5,10.58052/IEWDR0202,Sediment,0.017,0.191,SFE_001
N/A,CM_097_SFE-6,10.58052/IEWDR0202,Sediment,0.018,0.187,SFE_001
N/A,CM_098_SFE-1,10.58052/IEWDR0203,Sediment,0.899,3.865,SFE_CV_040
N/A,CM_098_SFE-2,10.58052/IEWDR0203,Sediment,2.809,10.921,SFE_RERUN_001; SFE_CV_040
N/A,CM_098_SFE-3,10.58052/IEWDR0203,Sediment,0.923,3.836,SFE_CV_040
N/A,CM_098_SFE-4,10.58052/IEWDR0203,Sediment,0.129,2.465,SFE_001
N/A,CM_098_SFE-5,10.58052/IEWDR0203,Sediment,0.078,1.289,SFE_001
N/A,CM_098_SFE-6,10.58052/IEWDR0203,Sediment,0.16,3.303,SFE_001
N/A,CM_099_SFE-1,10.58052/IEWDR0204,Sediment,-9999,-9999,SFE_ACID_001
N/A,CM_099_SFE-2,10.58052/IEWDR0204,Sediment,2.756,19.139,SFE_RERUN_001
N/A,CM_099_SFE-3,10.58052/IEWDR0204,Sediment,-9999,-9999,SFE_ACID_001
N/A,CM_099_SFE-4,10.58052/IEWDR0204,Sediment,0.284,13.585,SFE_001
N/A,CM_099_SFE-5,10.58052/IEWDR0204,Sediment,0.16,6.122,SFE_001
N/A,CM_099_SFE-6,10.58052/IEWDR0204,Sediment,0.207,8.677,SFE_001
N/A,CM_100_SFE-1,10.58052/IEWDR0205,Sediment,SFE_Below_0.021_ppm_LOD|0.012_ppm_Raw_Not_Corrected|0.012_ppm_Final_Corrected,SFE_Below_0.021_ppm_LOD|0.012_ppm_Raw_Not_Corrected|0.023_ppm_Final_Corrected,DTL_003
N/A,CM_100_SFE-2,10.58052/IEWDR0205,Sediment,SFE_Below_0.021_ppm_LOD|0.005_ppm_Raw_Not_Corrected|0.005_ppm_Final_Corrected,SFE_Below_0.021_ppm_LOD|0.005_ppm_Raw_Not_Corrected|0.011_ppm_Final_Corrected,DTL_003
N/A,CM_100_SFE-3,10.58052/IEWDR0205,Sediment,SFE_Below_0.021_ppm_LOD|0.006_ppm_Raw_Not_Corrected|0.006_ppm_Final_Corrected,SFE_Below_0.021_ppm_LOD|0.006_ppm_Raw_Not_Corrected|0.013_ppm_Final_Corrected,DTL_003
N/A,CM_100_SFE-4,10.58052/IEWDR0205,Sediment,SFE_Below_0_ppm_Standard|Negative_Value_Raw_Not_Corrected|-9999_ppm_Raw_Not_Corrected,SFE_Below_0_ppm_Standard|Negative_Value_Raw_Not_Corrected|-9999_ppm_Final_Corrected,SFE_001; DTL_003
N/A,CM_100_SFE-5,10.58052/IEWDR0205,Sediment,SFE_Below_0.021_ppm_LOD|0_ppm_Raw_Not_Corrected|0_ppm_Final_Corrected,SFE_Below_0.021_ppm_LOD|0_ppm_Raw_Not_Corrected|0_ppm_Final_Corrected,SFE_001; DTL_003
N/A,CM_100_SFE-6,10.58052/IEWDR0205,Sediment,SFE_Below_0_ppm_Standard|Negative_Value_Raw_Not_Corrected|-9999_ppm_Raw_Not_Corrected,SFE_Below_0_ppm_Standard|Negative_Value_Raw_Not_Corrected|-9999_ppm_Final_Corrected,SFE_001; DTL_003
N/A,CM_101_SFE-1,10.58052/IEWDR0206,Sediment,0.024,0.042,N/A
N/A,CM_101_SFE-2,10.58052/IEWDR0206,Sediment,SFE_Below_0.021_ppm_LOD|0.018_ppm_Raw_Not_Corrected|0.018_ppm_Final_Corrected,SFE_Below_0.021_ppm_LOD|0.018_ppm_Raw_Not_Corrected|0.034_ppm_Final_Corrected,DTL_003
N/A,CM_101_SFE-3,10.58052/IEWDR0206,Sediment,SFE_Below_0.021_ppm_LOD|0.013_ppm_Raw_Not_Corrected|0.013_ppm_Final_Corrected,SFE_Below_0.021_ppm_LOD|0.013_ppm_Raw_Not_Corrected|0.024_ppm_Final_Corrected,DTL_003
N/A,CM_101_SFE-4,10.58052/IEWDR0206,Sediment,SFE_Below_0_ppm_Standard|Negative_Value_Raw_Not_Corrected|-9999_ppm_Raw_Not_Corrected,SFE_Below_0_ppm_Standard|Negative_Value_Raw_Not_Corrected|-9999_ppm_Final_Corrected,SFE_001; DTL_003
N/A,CM_101_SFE-5,10.58052/IEWDR0206,Sediment,SFE_Below_0_ppm_Standard|Negative_Value_Raw_Not_Corrected|-9999_ppm_Raw_Not_Corrected,SFE_Below_0_ppm_Standard|Negative_Value_Raw_Not_Corrected|-9999_ppm_Final_Corrected,SFE_001; DTL_003
N/A,CM_101_SFE-6,10.58052/IEWDR0206,Sediment,SFE_Below_0_ppm_Standard|Negative_Value_Raw_Not_Corrected|-9999_ppm_Raw_Not_Corrected,SFE_Below_0_ppm_Standard|Negative_Value_Raw_Not_Corrected|-9999_ppm_Final_Corrected,SFE_001; DTL_003
N/A,CM_102_SFE-1,10.58052/IEWDR0207,Sediment,0.186,0.426,N/A
N/A,CM_102_SFE-2,10.58052/IEWDR0207,Sediment,0.193,0.438,N/A
N/A,CM_102_SFE-3,10.58052/IEWDR0207,Sediment,0.256,0.514,N/A
N/A,CM_103_SFE-1,10.58052/IEWDR0208,Sediment,2.868,6.884,SFE_RERUN_001
N/A,CM_103_SFE-2,10.58052/IEWDR0208,Sediment,2.918,7.478,SFE_RERUN_001
N/A,CM_103_SFE-3,10.58052/IEWDR0208,Sediment,3.06,8.72,SFE_RERUN_001
N/A,CM_103_SFE-4,10.58052/IEWDR0208,Sediment,0.313,4.072,SFE_001
N/A,CM_103_SFE-5,10.58052/IEWDR0208,Sediment,0.39,4.311,SFE_001
N/A,CM_103_SFE-6,10.58052/IEWDR0208,Sediment,0.432,4.559,SFE_001
N/A,CM_104_SFE-1,10.58052/IEWDR0209,Sediment,0.645,2.21,N/A
N/A,CM_104_SFE-2,10.58052/IEWDR0209,Sediment,0.639,2.235,N/A
N/A,CM_104_SFE-3,10.58052/IEWDR0209,Sediment,0.794,2.565,N/A
N/A,CM_105_SFE-1,10.58052/IEWDR020A,Sediment,1.434,3.293,N/A
N/A,CM_105_SFE-2,10.58052/IEWDR020A,Sediment,1.333,2.819,N/A
N/A,CM_105_SFE-3,10.58052/IEWDR020A,Sediment,1.217,2.858,N/A
N/A,CM_106_SFE-1,10.58052/IEWDR020B,Sediment,2.888,7.395,SFE_RERUN_001
N/A,CM_106_SFE-2,10.58052/IEWDR020B,Sediment,2.971,9.376,SFE_RERUN_001
N/A,CM_106_SFE-3,10.58052/IEWDR020B,Sediment,2.983,9.222,SFE_RERUN_001
N/A,CM_106_SFE-4,10.58052/IEWDR020B,Sediment,0.391,6.504,SFE_001
N/A,CM_106_SFE-5,10.58052/IEWDR020B,Sediment,0.517,8.454,SFE_001
N/A,CM_106_SFE-6,10.58052/IEWDR020B,Sediment,0.428,8.648,SFE_001
N/A,CM_107_SFE-1,10.58052/IEWDR020C,Sediment,0.687,1.094,N/A
N/A,CM_107_SFE-2,10.58052/IEWDR020C,Sediment,0.902,1.449,N/A
N/A,CM_107_SFE-3,10.58052/IEWDR020C,Sediment,0.615,1.013,N/A
N/A,CM_108_SFE-1,10.58052/IEWDR020D,Sediment,0.127,0.258,N/A
N/A,CM_108_SFE-2,10.58052/IEWDR020D,Sediment,0.143,0.298,N/A
N/A,CM_108_SFE-3,10.58052/IEWDR020D,Sediment,0.089,0.179,N/A
N/A,CM_109_SFE-1,10.58052/IEWDR020E,Sediment,0.176,0.345,N/A
N/A,CM_109_SFE-2,10.58052/IEWDR020E,Sediment,0.11,0.225,N/A
N/A,CM_109_SFE-3,10.58052/IEWDR020E,Sediment,0.145,0.306,N/A
N/A,CM_109_SFE-4,10.58052/IEWDR020E,Sediment,0.066,0.519,SFE_001
N/A,CM_109_SFE-5,10.58052/IEWDR020E,Sediment,0.063,0.613,SFE_001
N/A,CM_109_SFE-6,10.58052/IEWDR020E,Sediment,0.056,0.581,SFE_001
N/A,CM_110_SFE-1,10.58052/IEWDR020F,Sediment,0.438,1.081,N/A
N/A,CM_110_SFE-2,10.58052/IEWDR020F,Sediment,0.296,0.583,N/A
N/A,CM_110_SFE-3,10.58052/IEWDR020F,Sediment,0.414,0.836,N/A
N/A,CM_110_SFE-4,10.58052/IEWDR020F,Sediment,0.181,1.546,SFE_001
N/A,CM_110_SFE-5,10.58052/IEWDR020F,Sediment,0.168,1.548,SFE_001
N/A,CM_110_SFE-6,10.58052/IEWDR020F,Sediment,0.123,1.131,SFE_001
N/A,CM_111_SFE-1,10.58052/IEWDR020G,Sediment,0.264,0.432,N/A
N/A,CM_111_SFE-2,10.58052/IEWDR020G,Sediment,0.416,0.698,N/A
N/A,CM_111_SFE-3,10.58052/IEWDR020G,Sediment,0.26,0.444,N/A
N/A,CM_111_SFE-4,10.58052/IEWDR020G,Sediment,0.074,0.603,SFE_001
N/A,CM_111_SFE-5,10.58052/IEWDR020G,Sediment,0.087,0.597,SFE_001
N/A,CM_111_SFE-6,10.58052/IEWDR020G,Sediment,0.086,0.599,SFE_001
N/A,CM_112_SFE-1,10.58052/IEWDR020H,Sediment,0.081,0.199,INC_QA_001
N/A,CM_112_SFE-2,10.58052/IEWDR020H,Sediment,0.083,0.156,INC_QA_001
N/A,CM_112_SFE-3,10.58052/IEWDR020H,Sediment,0.103,0.191,INC_QA_001
N/A,CM_112_SFE-4,10.58052/IEWDR020H,Sediment,0.045,0.307,SFE_001
N/A,CM_112_SFE-5,10.58052/IEWDR020H,Sediment,0.033,0.203,SFE_001
N/A,CM_112_SFE-6,10.58052/IEWDR020H,Sediment,0.039,0.285,SFE_001
N/A,CM_113_SFE-1,10.58052/IEWDR020I,Sediment,0.223,0.478,N/A
N/A,CM_113_SFE-2,10.58052/IEWDR020I,Sediment,0.262,0.599,N/A
N/A,CM_113_SFE-3,10.58052/IEWDR020I,Sediment,0.221,0.497,N/A
N/A,CM_113_SFE-4,10.58052/IEWDR020I,Sediment,0.094,0.759,SFE_001
N/A,CM_113_SFE-5,10.58052/IEWDR020I,Sediment,0.1,0.743,SFE_001
N/A,CM_113_SFE-6,10.58052/IEWDR020I,Sediment,0.141,1.094,SFE_001
N/A,CM_114_SFE-1,10.58052/IEWDR020J,Sediment,-9999,-9999,SFE_ACID_001
N/A,CM_114_SFE-2,10.58052/IEWDR020J,Sediment,-9999,-9999,SFE_ACID_001
N/A,CM_114_SFE-3,10.58052/IEWDR020J,Sediment,-9999,-9999,SFE_ACID_001
N/A,CM_114_SFE-4,10.58052/IEWDR020J,Sediment,-9999,-9999,SFE_ACID_001
N/A,CM_114_SFE-5,10.58052/IEWDR020J,Sediment,-9999,-9999,SFE_ACID_001
N/A,CM_114_SFE-6,10.58052/IEWDR020J,Sediment,-9999,-9999,SFE_ACID_001
N/A,CM_115_SFE-1,10.58052/IEWDR020K,Sediment,0.294,0.595,N/A
N/A,CM_115_SFE-2,10.58052/IEWDR020K,Sediment,0.425,0.988,N/A
N/A,CM_115_SFE-3,10.58052/IEWDR020K,Sediment,0.234,0.493,N/A
N/A,CM_115_SFE-4,10.58052/IEWDR020K,Sediment,0.125,1.134,SFE_001
N/A,CM_115_SFE-5,10.58052/IEWDR020K,Sediment,0.104,0.745,SFE_001
N/A,CM_115_SFE-6,10.58052/IEWDR020K,Sediment,0.179,1.31,SFE_001
N/A,CM_116_SFE-1,10.58052/IEWDR020L,Sediment,0.353,0.84,N/A
N/A,CM_116_SFE-2,10.58052/IEWDR020L,Sediment,0.244,0.562,N/A
N/A,CM_116_SFE-3,10.58052/IEWDR020L,Sediment,0.238,0.562,N/A
N/A,CM_116_SFE-4,10.58052/IEWDR020L,Sediment,0.161,1.202,SFE_001
N/A,CM_116_SFE-5,10.58052/IEWDR020L,Sediment,0.159,1.443,SFE_001
N/A,CM_116_SFE-6,10.58052/IEWDR020L,Sediment,0.215,1.767,SFE_001
N/A,CM_117_SFE-1,10.58052/IEWDR020M,Sediment,0.076,0.166,SFE_RERUN_002
N/A,CM_117_SFE-2,10.58052/IEWDR020M,Sediment,0.088,0.189,N/A
N/A,CM_117_SFE-3,10.58052/IEWDR020M,Sediment,0.074,0.166,N/A
N/A,CM_117_SFE-4,10.58052/IEWDR020M,Sediment,0.033,0.471,N/A
N/A,CM_117_SFE-5,10.58052/IEWDR020M,Sediment,0.023,0.293,N/A
N/A,CM_117_SFE-6,10.58052/IEWDR020M,Sediment,0.032,0.384,N/A
N/A,SSS001_SFE-1,10.58052/IEWDR01R5,Sediment,0.104,0.454,N/A
N/A,SSS001_SFE-2,10.58052/IEWDR01R5,Sediment,0.172,0.572,N/A
N/A,SSS001_SFE-3,10.58052/IEWDR01R5,Sediment,0.152,0.428,N/A
N/A,SSS002_SFE-1,10.58052/IEWDR01R6,Sediment,0.397,0.833,SFE_CV_040
N/A,SSS002_SFE-2,10.58052/IEWDR01R6,Sediment,0.259,0.511,SFE_CV_040
N/A,SSS002_SFE-3,10.58052/IEWDR01R6,Sediment,0.111,0.223,SFE_CV_040
N/A,SSS003_SFE-1,10.58052/IEWDR01R7,Sediment,0.261,0.758,SFE_CV_040
N/A,SSS003_SFE-2,10.58052/IEWDR01R7,Sediment,0.56,1.813,SFE_CV_040
N/A,SSS003_SFE-3,10.58052/IEWDR01R7,Sediment,0.32,0.888,SFE_CV_040
N/A,SSS004_SFE-1,10.58052/IEWDR01R8,Sediment,0.414,2.191,N/A
N/A,SSS004_SFE-2,10.58052/IEWDR01R8,Sediment,0.365,1.462,N/A
N/A,SSS004_SFE-3,10.58052/IEWDR01R8,Sediment,0.574,2.472,N/A
N/A,SSS005_SFE-1,10.58052/IEWDR01R9,Sediment,0.929,2.827,N/A
N/A,SSS005_SFE-2,10.58052/IEWDR01R9,Sediment,1.711,5.462,N/A
N/A,SSS005_SFE-3,10.58052/IEWDR01R9,Sediment,0.97,3.312,N/A
N/A,SSS006_SFE-1,10.58052/IEWDR01RA,Sediment,0.366,1.298,N/A
N/A,SSS006_SFE-2,10.58052/IEWDR01RA,Sediment,0.353,1.306,N/A
N/A,SSS006_SFE-3,10.58052/IEWDR01RA,Sediment,0.321,1.287,N/A
N/A,SSS007_SFE-1,10.58052/IEWDR01RB,Sediment,0.539,1.138,
N/A,SSS007_SFE-2,10.58052/IEWDR01RB,Sediment,0.675,1.724,
N/A,SSS007_SFE-3,10.58052/IEWDR01RB,Sediment,-9999,-9999,VB_SFE_001
N/A,SSS008_SFE-1,10.58052/IEWDR01RC,Sediment,2.382,12.396,SFE_RERUN_001
N/A,SSS008_SFE-2,10.58052/IEWDR01RC,Sediment,2.314,12.142,SFE_RERUN_001
N/A,SSS008_SFE-3,10.58052/IEWDR01RC,Sediment,3.485,16.732,SFE_RERUN_001
N/A,SSS009_SFE-1,10.58052/IEWDR01RD,Sediment,0.642,1.669,N/A
N/A,SSS009_SFE-2,10.58052/IEWDR01RD,Sediment,0.788,2.14,N/A
N/A,SSS009_SFE-3,10.58052/IEWDR01RD,Sediment,0.719,1.849,N/A
N/A,SSS010_SFE-1,10.58052/IEWDR01RE,Sediment,0.427,0.935,N/A
N/A,SSS010_SFE-2,10.58052/IEWDR01RE,Sediment,0.329,0.65,N/A
N/A,SSS010_SFE-3,10.58052/IEWDR01RE,Sediment,0.278,0.609,N/A
N/A,SSS011_SFE-1,10.58052/IEWDR01RF,Sediment,0.548,1.413,SFE_CV_040
N/A,SSS011_SFE-2,10.58052/IEWDR01RF,Sediment,0.226,0.592,SFE_CV_040
N/A,SSS011_SFE-3,10.58052/IEWDR01RF,Sediment,0.217,0.549,SFE_CV_040
N/A,SSS012_SFE-1,10.58052/IEWDR01RG,Sediment,0.372,1.478,SFE_CV_040
N/A,SSS012_SFE-2,10.58052/IEWDR01RG,Sediment,0.119,0.597,SFE_CV_040
N/A,SSS012_SFE-3,10.58052/IEWDR01RG,Sediment,0.221,2.597,SFE_CV_040
N/A,SSS013_SFE-1,10.58052/IEWDR01RH,Sediment,0.143,0.309,N/A
N/A,SSS013_SFE-2,10.58052/IEWDR01RH,Sediment,0.232,0.58,N/A
N/A,SSS013_SFE-3,10.58052/IEWDR01RH,Sediment,0.123,0.292,N/A
N/A,SSS014_SFE-1,10.58052/IEWDR01RI,Sediment,0.884,3.183,SFE_CV_040
N/A,SSS014_SFE-2,10.58052/IEWDR01RI,Sediment,2.207,5.561,SFE_RERUN_001; SFE_CV_040
N/A,SSS014_SFE-3,10.58052/IEWDR01RI,Sediment,1.158,3.033,SFE_CV_040
N/A,SSS015_SFE-1,10.58052/IEWDR01RJ,Sediment,0.666,1.409,N/A
N/A,SSS015_SFE-2,10.58052/IEWDR01RJ,Sediment,0.478,1.137,N/A
N/A,SSS015_SFE-3,10.58052/IEWDR01RJ,Sediment,0.584,1.682,N/A
N/A,SSS016_SFE-1,10.58052/IEWDR01RK,Sediment,0.763,6.356,N/A
N/A,SSS016_SFE-2,10.58052/IEWDR01RK,Sediment,0.833,5.13,N/A
N/A,SSS016_SFE-3,10.58052/IEWDR01RK,Sediment,1.077,7.558,N/A
N/A,SSS017_SFE-1,10.58052/IEWDR01RL,Sediment,0.358,0.719,N/A
N/A,SSS017_SFE-2,10.58052/IEWDR01RL,Sediment,0.216,0.475,N/A
N/A,SSS017_SFE-3,10.58052/IEWDR01RL,Sediment,0.388,0.742,N/A
N/A,SSS018_SFE-1,10.58052/IEWDR01RM,Sediment,0.099,0.443,N/A
N/A,SSS018_SFE-2,10.58052/IEWDR01RM,Sediment,0.096,0.33,N/A
N/A,SSS018_SFE-3,10.58052/IEWDR01RM,Sediment,0.058,0.258,N/A
N/A,SSS019_SFE-1,10.58052/IEWDR01RN,Sediment,0.641,1.856,N/A
N/A,SSS019_SFE-2,10.58052/IEWDR01RN,Sediment,0.978,2.325,N/A
N/A,SSS019_SFE-3,10.58052/IEWDR01RN,Sediment,1.066,2.686,N/A
N/A,SSS020_SFE-1,10.58052/IEWDR01RO,Sediment,0.269,0.839,N/A
N/A,SSS020_SFE-2,10.58052/IEWDR01RO,Sediment,0.273,0.664,N/A
N/A,SSS020_SFE-3,10.58052/IEWDR01RO,Sediment,0.31,0.915,N/A
N/A,SSS021_SFE-1,10.58052/IEWDR01RP,Sediment,0.386,1.375,N/A
N/A,SSS021_SFE-2,10.58052/IEWDR01RP,Sediment,0.616,2.229,N/A
N/A,SSS021_SFE-3,10.58052/IEWDR01RP,Sediment,0.328,1.069,N/A
N/A,SSS022_SFE-1,10.58052/IEWDR01RQ,Sediment,0.263,0.624,N/A
N/A,SSS022_SFE-2,10.58052/IEWDR01RQ,Sediment,0.288,0.61,N/A
N/A,SSS022_SFE-3,10.58052/IEWDR01RQ,Sediment,0.287,0.69,N/A
N/A,SSS023_SFE-1,10.58052/IEWDR01RR,Sediment,2.222,7.234,SFE_RERUN_001; SFE_CV_040
N/A,SSS023_SFE-2,10.58052/IEWDR01RR,Sediment,1.073,4.187,SFE_CV_040
N/A,SSS023_SFE-3,10.58052/IEWDR01RR,Sediment,0.575,2.82,SFE_CV_040
N/A,SSS024_SFE-1,10.58052/IEWDR01RS,Sediment,1.274,3.629,N/A
N/A,SSS024_SFE-2,10.58052/IEWDR01RS,Sediment,0.616,1.89,N/A
N/A,SSS024_SFE-3,10.58052/IEWDR01RS,Sediment,0.927,2.834,N/A
N/A,SSS025_SFE-1,10.58052/IEWDR01RT,Sediment,0.996,1.701,SFE_CV_040
N/A,SSS025_SFE-2,10.58052/IEWDR01RT,Sediment,2.561,5.911,SFE_RERUN_001; SFE_CV_040
N/A,SSS025_SFE-3,10.58052/IEWDR01RT,Sediment,0.849,1.724,SFE_CV_040
N/A,SSS026_SFE-1,10.58052/IEWDR01RU,Sediment,0.339,0.759,N/A
N/A,SSS026_SFE-2,10.58052/IEWDR01RU,Sediment,0.295,0.595,N/A
N/A,SSS026_SFE-3,10.58052/IEWDR01RU,Sediment,0.328,0.72,N/A
N/A,SSS027_SFE-1,10.58052/IEWDR01RV,Sediment,0.356,0.871,N/A
N/A,SSS027_SFE-2,10.58052/IEWDR01RV,Sediment,0.216,0.512,N/A
N/A,SSS027_SFE-3,10.58052/IEWDR01RV,Sediment,0.308,0.686,N/A
N/A,SSS028_SFE-1,10.58052/IEWDR01RW,Sediment,0.562,1.118,SFE_CV_040
N/A,SSS028_SFE-2,10.58052/IEWDR01RW,Sediment,1.347,2.813,SFE_CV_040
N/A,SSS028_SFE-3,10.58052/IEWDR01RW,Sediment,0.621,1.292,SFE_CV_040
N/A,SSS029_SFE-1,10.58052/IEWDR01RX,Sediment,0.308,0.554,N/A
N/A,SSS029_SFE-2,10.58052/IEWDR01RX,Sediment,0.348,0.709,N/A
N/A,SSS029_SFE-3,10.58052/IEWDR01RX,Sediment,0.289,0.564,N/A
N/A,SSS030_SFE-1,10.58052/IEWDR01RY,Sediment,0.227,0.402,N/A
N/A,SSS030_SFE-2,10.58052/IEWDR01RY,Sediment,0.287,0.506,N/A
N/A,SSS030_SFE-3,10.58052/IEWDR01RY,Sediment,0.365,0.661,N/A
N/A,SSS031_SFE-1,10.58052/IEWDR01RZ,Sediment,1.455,2.546,N/A
N/A,SSS031_SFE-2,10.58052/IEWDR01RZ,Sediment,1.574,3.043,N/A
N/A,SSS031_SFE-3,10.58052/IEWDR01RZ,Sediment,1.294,2.577,N/A
N/A,SSS032_SFE-1,10.58052/IEWDR01S0,Sediment,1.471,2.679,N/A
N/A,SSS032_SFE-2,10.58052/IEWDR01S0,Sediment,1.348,2.862,N/A
N/A,SSS032_SFE-3,10.58052/IEWDR01S0,Sediment,1.4,2.799,N/A
N/A,SSS033_SFE-1,10.58052/IEWDR01S1,Sediment,1.401,2.569,N/A
N/A,SSS033_SFE-2,10.58052/IEWDR01S1,Sediment,1.545,2.659,N/A
N/A,SSS033_SFE-3,10.58052/IEWDR01S1,Sediment,1.589,2.756,N/A
N/A,SSS034_SFE-1,10.58052/IEWDR01S2,Sediment,0.609,1.134,SFE_CV_040
N/A,SSS034_SFE-2,10.58052/IEWDR01S2,Sediment,0.254,0.505,SFE_CV_040
N/A,SSS034_SFE-3,10.58052/IEWDR01S2,Sediment,0.379,0.749,SFE_CV_040
N/A,SSS035_SFE-1,10.58052/IEWDR01S3,Sediment,0.43,0.856,N/A
N/A,SSS035_SFE-2,10.58052/IEWDR01S3,Sediment,0.388,0.763,N/A
N/A,SSS035_SFE-3,10.58052/IEWDR01S3,Sediment,0.599,1.343,N/A
N/A,SSS036_SFE-1,10.58052/IEWDR01S4,Sediment,0.691,1.439,SFE_CV_040
N/A,SSS036_SFE-2,10.58052/IEWDR01S4,Sediment,0.257,0.584,SFE_CV_040
N/A,SSS036_SFE-3,10.58052/IEWDR01S4,Sediment,0.65,1.35,SFE_CV_040
N/A,SSS037_SFE-1,10.58052/IEWDR01S5,Sediment,0.272,0.637,N/A
N/A,SSS037_SFE-2,10.58052/IEWDR01S5,Sediment,0.36,0.742,N/A
N/A,SSS037_SFE-3,10.58052/IEWDR01S5,Sediment,0.518,1.118,N/A
N/A,SSS038_SFE-1,10.58052/IEWDR01S6,Sediment,0.223,0.51,N/A
N/A,SSS038_SFE-2,10.58052/IEWDR01S6,Sediment,0.451,0.979,N/A
N/A,SSS038_SFE-3,10.58052/IEWDR01S6,Sediment,0.262,0.558,N/A
N/A,SSS039_SFE-1,10.58052/IEWDR01S7,Sediment,0.48,1.387,N/A
N/A,SSS039_SFE-2,10.58052/IEWDR01S7,Sediment,0.492,1.344,N/A
N/A,SSS039_SFE-3,10.58052/IEWDR01S7,Sediment,0.489,1.387,N/A
N/A,SSS040_SFE-1,10.58052/IEWDR01S8,Sediment,0.298,0.666,N/A
N/A,SSS040_SFE-2,10.58052/IEWDR01S8,Sediment,0.399,0.842,N/A
N/A,SSS040_SFE-3,10.58052/IEWDR01S8,Sediment,0.257,0.583,N/A
N/A,SSS041_SFE-1,10.58052/IEWDR01S9,Sediment,0.563,1.119,N/A
N/A,SSS041_SFE-2,10.58052/IEWDR01S9,Sediment,0.578,1.179,N/A
N/A,SSS041_SFE-3,10.58052/IEWDR01S9,Sediment,0.575,1.086,N/A
N/A,SSS042_SFE-1,10.58052/IEWDR01SA,Sediment,0.966,1.763,N/A
N/A,SSS042_SFE-2,10.58052/IEWDR01SA,Sediment,0.883,1.639,N/A
N/A,SSS042_SFE-3,10.58052/IEWDR01SA,Sediment,0.994,1.979,N/A
N/A,SSS043_SFE-1,10.58052/IEWDR01SB,Sediment,0.204,0.413,SFE_RERUN_002; SFE_CV_040
N/A,SSS043_SFE-2,10.58052/IEWDR01SB,Sediment,0.078,0.181,SFE_CV_040
N/A,SSS043_SFE-3,10.58052/IEWDR01SB,Sediment,0.129,0.267,SFE_CV_040
N/A,SSS044_SFE-1,10.58052/IEWDR01SC,Sediment,0.32,0.631,N/A
N/A,SSS044_SFE-2,10.58052/IEWDR01SC,Sediment,0.496,1.086,N/A
N/A,SSS044_SFE-3,10.58052/IEWDR01SC,Sediment,0.41,0.921,N/A
N/A,SSS045_SFE-1,10.58052/IEWDR01SD,Sediment,0.336,0.744,N/A
N/A,SSS045_SFE-2,10.58052/IEWDR01SD,Sediment,0.253,0.567,N/A
N/A,SSS045_SFE-3,10.58052/IEWDR01SD,Sediment,0.248,0.562,N/A
N/A,SSS046_SFE-1,10.58052/IEWDR01SE,Sediment,0.549,1.289,N/A
N/A,SSS046_SFE-2,10.58052/IEWDR01SE,Sediment,0.361,0.78,N/A
N/A,SSS046_SFE-3,10.58052/IEWDR01SE,Sediment,0.558,1.25,N/A
N/A,SSS047_SFE-1,10.58052/IEWDR01SF,Sediment,0.747,1.797,N/A
N/A,SSS047_SFE-2,10.58052/IEWDR01SF,Sediment,0.875,1.968,N/A
N/A,SSS047_SFE-3,10.58052/IEWDR01SF,Sediment,0.732,1.85,N/A
N/A,SSS048_SFE-1,10.58052/IEWDR01SG,Sediment,0.407,0.8,N/A
N/A,SSS048_SFE-2,10.58052/IEWDR01SG,Sediment,0.446,0.935,N/A
N/A,SSS048_SFE-3,10.58052/IEWDR01SG,Sediment,0.258,0.507,N/A
#End_Data,,,,,,
