#Columns,8
#Header_Rows,12
Field_Name,Sample_Name,IGSN,Material,Extractable_NPOC_mg_per_L,Extractable_TN_mg_per_L,Extractable_NPOC_mg_per_kg,Extractable_TN_mg_per_kg,Methods_Deviation
Unit,N/A,N/A,N/A,milligrams_per_liter,milligrams_per_liter,milligrams_per_kilogram,milligrams_per_kilogram,N/A
Unit_Basis,N/A,N/A,N/A,as_extractable_dissolvable_Carbon,as_extractable_dissolvable_Nitrogen,as_extractable_milligrams_Carbon_per_kilogram_dry_sediment ,as_extractable_milligrams_Nitrogen_per_kilogram_dry_sediment ,N/A
MethodID_Analysis,N/A,N/A,N/A,NPOC_T_AN_000,TN_T_AN_000,NPOC_T_AN_000,TN_T_AN_000,N/A
MethodID_Inspection,N/A,N/A,N/A,NPOC_T_IN_000,TN_T_IN_000,NPOC_T_IN_000,TN_T_IN_000,N/A
MethodID_Storage,N/A,N/A,N/A,NPOC_T_ST_000,TN_T_ST_000,NPOC_T_ST_000,TN_T_ST_000,N/A
MethodID_Preservation,N/A,N/A,N/A,NPOC_T_PRES_000,TN_T_PRES_000,NPOC_T_PRES_000,TN_T_PRES_000,N/A
MethodID_Preparation,N/A,N/A,N/A,NPOC_T_PREP_000,TN_T_PREP_000,NPOC_T_PREP_000,TN_T_PREP_000,N/A
MethodID_DataProcessing,N/A,N/A,N/A,NPOC_T_DP_000,TN_T_DP_000,NPOC_T_DP_000,TN_T_DP_000,N/A
Analysis_DetectionLimit,-9999,-9999,-9999,0.23,0.07,-9999,-9999,N/A
Analysis_Precision,-9999,-9999,-9999,-9999,-9999,-9999,-9999,N/A
Data_Status,N/A,N/A,N/A,ready_to_use,ready_to_use,ready_to_use,ready_to_use,N/A
#Start_Data,CM_001_SED-1,10.58052/IEWDR01Q5,Sediment,15.79,2.83,45.61,8.17,N/A
N/A,CM_001_SED-2,10.58052/IEWDR01Q5,Sediment,19.27,3.17,54.94,9.04,N/A
N/A,CM_001_SED-3,10.58052/IEWDR01Q5,Sediment,14.18,2.11,40.87,6.08,N/A
N/A,CM_002_SED-1,10.58052/IEWDR01Q6,Sediment,13.05,2.21,45.8,7.76,N/A
N/A,CM_002_SED-2,10.58052/IEWDR01Q6,Sediment,15.98,2.79,54.99,9.6,N/A
N/A,CM_002_SED-3,10.58052/IEWDR01Q6,Sediment,14.35,2.47,49.66,8.55,N/A
N/A,CM_003_SED-1,10.58052/IEWDR01Q7,Sediment,13.03,2.32,36.89,6.57,N/A
N/A,CM_003_SED-2,10.58052/IEWDR01Q7,Sediment,13.04,2.28,36.77,6.43,N/A
N/A,CM_003_SED-3,10.58052/IEWDR01Q7,Sediment,11.84,2.26,33.97,6.49,N/A
N/A,CM_004_SED-1,10.58052/IEWDR01Q8,Sediment,3.65,0.82,10.71,2.41,N/A
N/A,CM_004_SED-2,10.58052/IEWDR01Q8,Sediment,3.75,1,11.35,3.03,N/A
N/A,CM_004_SED-3,10.58052/IEWDR01Q8,Sediment,4.49,1.03,13.15,3.02,N/A
N/A,CM_005_SED-1,10.58052/IEWDR01Q9,Sediment,2.52,0.25,7.58,0.75,N/A
N/A,CM_005_SED-2,10.58052/IEWDR01Q9,Sediment,2.66,0.27,8.08,0.82,N/A
N/A,CM_005_SED-3,10.58052/IEWDR01Q9,Sediment,2.8,TN_Below_0.1_ppm_Standard|0.1_ppm_Raw_Not_Corrected|0.35_ppm_Final_Corrected,8.54,TN_Below_0.1_ppm_Standard|0.1_ppm_Raw_Not_Corrected|1.07_ppm_Final_Corrected,DTL_003
N/A,CM_006_SED-1,10.58052/IEWDR01QA,Sediment,16.55,1.92,63.76,7.4,N/A
N/A,CM_006_SED-2,10.58052/IEWDR01QA,Sediment,16.82,1.98,63.02,7.42,N/A
N/A,CM_006_SED-3,10.58052/IEWDR01QA,Sediment,15.61,1.79,56.83,6.52,N/A
N/A,CM_007_SED-1,10.58052/IEWDR01QB,Sediment,2.26,TN_Below_0.1_ppm_Standard|0.08_ppm_Raw_Not_Corrected|0.19_ppm_Final_Corrected,6.19,TN_Below_0.1_ppm_Standard|0.08_ppm_Raw_Not_Corrected|0.52_ppm_Final_Corrected,TN_CV_030; DTL_003
N/A,CM_007_SED-2,10.58052/IEWDR01QB,Sediment,2.29,0.25,6.27,0.68,TN_CV_030
N/A,CM_007_SED-3,10.58052/IEWDR01QB,Sediment,2.04,TN_Below_0.1_ppm_Standard|0.06_ppm_Raw_Not_Corrected|0.13_ppm_Final_Corrected,5.62,TN_Below_0.1_ppm_Standard|0.06_ppm_Raw_Not_Corrected|0.36_ppm_Final_Corrected,TN_CV_030; DTL_003
N/A,CM_008_SED-1,10.58052/IEWDR01QC,Sediment,223.3,40.67,998.95,181.94,TNRERUN_003; NPOCRERUN_001
N/A,CM_008_SED-2,10.58052/IEWDR01QC,Sediment,214.2,38.57,932.92,167.99,TNRERUN_003; NPOCRERUN_001
N/A,CM_008_SED-3,10.58052/IEWDR01QC,Sediment,212.66,38.7,919.76,167.38,TNRERUN_003; NPOCRERUN_001
N/A,CM_009_SED-1,10.58052/IEWDR01UU,Sediment,10.59,1.03,32.46,3.16,ICR_PREP_003
N/A,CM_009_SED-2,10.58052/IEWDR01UU,Sediment,14.14,1.25,46.65,4.12,N/A
N/A,CM_009_SED-3,10.58052/IEWDR01UU,Sediment,10.97,0.95,33.77,2.92,N/A
N/A,CM_010_SED-1,10.58052/IEWDR01QD,Sediment,14.58,2.59,38.54,6.85,N/A
N/A,CM_010_SED-2,10.58052/IEWDR01QD,Sediment,14.53,2.5,37.82,6.51,N/A
N/A,CM_010_SED-3,10.58052/IEWDR01QD,Sediment,14,2.4,37.25,6.39,N/A
N/A,CM_011_SED-1,10.58052/IEWDR01QE,Sediment,25.15,4.53,105.46,19,N/A
N/A,CM_011_SED-2,10.58052/IEWDR01QE,Sediment,25.15,4.31,130.04,22.28,N/A
N/A,CM_011_SED-3,10.58052/IEWDR01QE,Sediment,22.98,4.15,107.11,19.34,N/A
N/A,CM_012_SED-1,10.58052/IEWDR01QF,Sediment,24.73,5.26,94.1,20.01,N/A
N/A,CM_012_SED-2,10.58052/IEWDR01QF,Sediment,23.8,5.38,91.34,20.65,N/A
N/A,CM_012_SED-3,10.58052/IEWDR01QF,Sediment,24.35,5.39,86.5,19.15,N/A
N/A,CM_013_SED-1,10.58052/IEWDR01QG,Sediment,12.04,2.49,35.42,7.33,N/A
N/A,CM_013_SED-2,10.58052/IEWDR01QG,Sediment,12.22,2.5,36.29,7.42,N/A
N/A,CM_013_SED-3,10.58052/IEWDR01QG,Sediment,11.71,2.48,33.95,7.19,N/A
N/A,CM_014_SED-1,10.58052/IEWDR01QH,Sediment,7.9,0.99,23.32,2.92,N/A
N/A,CM_014_SED-2,10.58052/IEWDR01QH,Sediment,9.58,1.19,27.95,3.47,N/A
N/A,CM_014_SED-3,10.58052/IEWDR01QH,Sediment,7.55,1,21.78,2.88,N/A
N/A,CM_015_SED-1,10.58052/IEWDR01QI,Sediment,9.55,1.85,25.89,5.01,N/A
N/A,CM_015_SED-2,10.58052/IEWDR01QI,Sediment,8.66,1.99,23.22,5.34,N/A
N/A,CM_015_SED-3,10.58052/IEWDR01QI,Sediment,8.45,1.77,22.8,4.78,N/A
N/A,CM_016_SED-1,10.58052/IEWDR01QJ,Sediment,23.09,17.67,95.96,73.44,N/A
N/A,CM_016_SED-2,10.58052/IEWDR01QJ,Sediment,25.83,18.62,107.03,77.15,N/A
N/A,CM_016_SED-3,10.58052/IEWDR01QJ,Sediment,24.08,18.46,96.16,73.72,N/A
N/A,CM_017_SED-1,10.58052/IEWDR01QK,Sediment,3.77,0.42,11.74,1.31,TN_CV_030
N/A,CM_017_SED-2,10.58052/IEWDR01QK,Sediment,4.75,0.57,14.2,1.7,TN_CV_030
N/A,CM_017_SED-3,10.58052/IEWDR01QK,Sediment,4.96,0.86,14.77,2.56,TN_CV_030
N/A,CM_018_SED-1,10.58052/IEWDR01QL,Sediment,5.84,0.99,14.93,2.53,N/A
N/A,CM_018_SED-2,10.58052/IEWDR01QL,Sediment,5.8,1.1,14.79,2.81,N/A
N/A,CM_018_SED-3,10.58052/IEWDR01QL,Sediment,6.9,1.36,17.97,3.54,N/A
N/A,CM_020_SED-1,10.58052/IEWDR01QM,Sediment,16.03,2.5,42.24,6.59,N/A
N/A,CM_020_SED-2,10.58052/IEWDR01QM,Sediment,14.16,2.18,37.43,5.76,N/A
N/A,CM_020_SED-3,10.58052/IEWDR01QM,Sediment,17.07,2.7,45.13,7.14,N/A
N/A,CM_021_SED-1,10.58052/IEWDR01QN,Sediment,3.91,1.08,10.97,3.03,N/A
N/A,CM_021_SED-2,10.58052/IEWDR01QN,Sediment,4.69,1.19,12.95,3.29,N/A
N/A,CM_021_SED-3,10.58052/IEWDR01QN,Sediment,4.67,1.16,12.84,3.19,N/A
N/A,CM_022_SED-1,10.58052/IEWDR01QO,Sediment,4.66,0.38,13.8,1.12,TN_CV_030
N/A,CM_022_SED-2,10.58052/IEWDR01QO,Sediment,3.55,TN_Below_0.1_ppm_Standard|0.1_ppm_Raw_Not_Corrected|0.34_ppm_Final_Corrected,10.3,TN_Below_0.1_ppm_Standard|0.1_ppm_Raw_Not_Corrected|0.99_ppm_Final_Corrected,TN_CV_030; DTL_003
N/A,CM_022_SED-3,10.58052/IEWDR01QO,Sediment,4.57,0.62,13.36,1.81,TN_CV_030
N/A,CM_023_SED-1,10.58052/IEWDR01QP,Sediment,6.92,0.88,26.05,3.31,N/A
N/A,CM_023_SED-2,10.58052/IEWDR01QP,Sediment,7.4,0.92,27.25,3.39,N/A
N/A,CM_023_SED-3,10.58052/IEWDR01QP,Sediment,7.72,0.85,29.4,3.24,N/A
N/A,CM_024_SED-1,10.58052/IEWDR01QQ,Sediment,4.42,0.86,11.82,2.3,N/A
N/A,CM_024_SED-2,10.58052/IEWDR01QQ,Sediment,4.9,0.85,13.21,2.29,N/A
N/A,CM_024_SED-3,10.58052/IEWDR01QQ,Sediment,4.56,0.79,12.22,2.12,ICR_PREP_003
N/A,CM_025_SED-1,N/A,Sediment,-9999,-9999,-9999,-9999,VI_SED_003
N/A,CM_025_SED-2,N/A,Sediment,-9999,-9999,-9999,-9999,VI_SED_003
N/A,CM_025_SED-3,N/A,Sediment,-9999,-9999,-9999,-9999,VI_SED_003
N/A,CM_026_SED-1,N/A,Sediment,-9999,-9999,-9999,-9999,VI_SED_003
N/A,CM_026_SED-2,N/A,Sediment,-9999,-9999,-9999,-9999,VI_SED_003
N/A,CM_026_SED-3,N/A,Sediment,-9999,-9999,-9999,-9999,VI_SED_003
N/A,CM_027_SED-1,10.58052/IEWDR01QR,Sediment,8.99,1.78,28.02,5.55,N/A
N/A,CM_027_SED-2,10.58052/IEWDR01QR,Sediment,8.67,1.8,28.87,5.99,N/A
N/A,CM_027_SED-3,10.58052/IEWDR01QR,Sediment,8.99,1.63,30.11,5.46,N/A
N/A,CM_028_SED-1,10.58052/IEWDR01QS,Sediment,10.63,1.35,28.34,3.6,N/A
N/A,CM_028_SED-2,10.58052/IEWDR01QS,Sediment,10.25,1.49,27.77,4.04,N/A
N/A,CM_028_SED-3,10.58052/IEWDR01QS,Sediment,10.79,1.22,29.09,3.29,N/A
N/A,CM_029_SED-1,N/A,Sediment,-9999,-9999,-9999,-9999,VI_SED_003
N/A,CM_029_SED-2,N/A,Sediment,-9999,-9999,-9999,-9999,VI_SED_003
N/A,CM_029_SED-3,N/A,Sediment,-9999,-9999,-9999,-9999,VI_SED_003
N/A,CM_030_SED-1,N/A,Sediment,-9999,-9999,-9999,-9999,VI_SED_003
N/A,CM_030_SED-2,N/A,Sediment,-9999,-9999,-9999,-9999,VI_SED_003
N/A,CM_030_SED-3,N/A,Sediment,-9999,-9999,-9999,-9999,VI_SED_003
N/A,CM_032_SED-1,10.58052/IEWDR01QT,Sediment,13.88,2.03,67.19,9.83,N/A
N/A,CM_032_SED-2,10.58052/IEWDR01QT,Sediment,14.07,2.01,70.35,10.05,N/A
N/A,CM_032_SED-3,10.58052/IEWDR01QT,Sediment,12.8,1.96,64.72,9.91,N/A
N/A,CM_033_SED-1,10.58052/IEWDR01QU,Sediment,2.97,0.99,7.86,2.62,N/A
N/A,CM_033_SED-2,10.58052/IEWDR01QU,Sediment,3.4,1.16,9.19,3.13,N/A
N/A,CM_033_SED-3,10.58052/IEWDR01QU,Sediment,3.56,1.12,9.66,3.04,N/A
N/A,CM_034_SED-1,10.58052/IEWDR01QV,Sediment,28.47,4.38,87.53,13.47,N/A
N/A,CM_034_SED-2,10.58052/IEWDR01QV,Sediment,27.94,4.18,84.49,12.64,N/A
N/A,CM_034_SED-3,10.58052/IEWDR01QV,Sediment,31.74,5.02,97.06,15.35,N/A
N/A,CM_035_SED-1,10.58052/IEWDR01QW,Sediment,43.75,5.92,152.96,20.7,N/A
N/A,CM_035_SED-2,10.58052/IEWDR01QW,Sediment,42.56,6.08,152.84,21.83,N/A
N/A,CM_035_SED-3,10.58052/IEWDR01QW,Sediment,43.58,6.15,149.15,21.05,N/A
N/A,CM_037_SED-1,10.58052/IEWDR01QX,Sediment,8.42,1.1,23.13,3.02,N/A
N/A,CM_037_SED-2,10.58052/IEWDR01QX,Sediment,7.7,0.98,20.75,2.64,N/A
N/A,CM_037_SED-3,10.58052/IEWDR01QX,Sediment,7.75,1.1,21.48,3.05,N/A
N/A,CM_038_SED-1,10.58052/IEWDR01QY,Sediment,9.47,1.75,24.69,4.56,N/A
N/A,CM_038_SED-2,10.58052/IEWDR01QY,Sediment,8.58,1.8,22.45,4.71,N/A
N/A,CM_038_SED-3,10.58052/IEWDR01QY,Sediment,8.61,1.68,22.1,4.31,N/A
N/A,CM_039_SED-1,10.58052/IEWDR01QZ,Sediment,8.89,1.22,25.08,3.44,N/A
N/A,CM_039_SED-2,10.58052/IEWDR01QZ,Sediment,10,1.42,29.1,4.13,N/A
N/A,CM_039_SED-3,10.58052/IEWDR01QZ,Sediment,8.9,1.17,27.14,3.57,N/A
N/A,CM_040_SED-1,10.58052/IEWDR01R0,Sediment,7.45,1.6,25.23,5.42,N/A
N/A,CM_040_SED-2,10.58052/IEWDR01R0,Sediment,6.92,1.53,23.21,5.13,N/A
N/A,CM_040_SED-3,10.58052/IEWDR01R0,Sediment,6.73,1.73,22.93,5.89,N/A
N/A,CM_041_SED-1,10.58052/IEWDR01R1,Sediment,5.3,0.98,17.14,3.17,N/A
N/A,CM_041_SED-2,10.58052/IEWDR01R1,Sediment,5.69,0.99,18.53,3.22,N/A
N/A,CM_041_SED-3,10.58052/IEWDR01R1,Sediment,4.93,0.97,16.68,3.28,N/A
N/A,CM_042_SED-1,10.58052/IEWDR01R2,Sediment,8.34,1.63,27.03,5.28,N/A
N/A,CM_042_SED-2,10.58052/IEWDR01R2,Sediment,9.89,1.94,32.94,6.46,N/A
N/A,CM_042_SED-3,10.58052/IEWDR01R2,Sediment,9.96,1.95,33.57,6.57,N/A
N/A,CM_043_SED-1,10.58052/IEWDR01UX,Sediment,3.69,0.55,9.91,1.48,N/A
N/A,CM_043_SED-2,10.58052/IEWDR01UX,Sediment,4.01,0.65,10.77,1.75,N/A
N/A,CM_043_SED-3,10.58052/IEWDR01UX,Sediment,3.84,0.59,10.41,1.6,N/A
N/A,CM_044_SED-1,10.58052/IEWDR01V0,Sediment,11,1.1,30.18,3.02,N/A
N/A,CM_044_SED-2,10.58052/IEWDR01V0,Sediment,11.57,1.17,32.01,3.24,N/A
N/A,CM_044_SED-3,10.58052/IEWDR01V0,Sediment,10.69,1.08,29.25,2.96,ICR_PREP_003
N/A,CM_045_SED-1,10.58052/IEWDR01V3,Sediment,6.71,0.86,18.34,2.35,N/A
N/A,CM_045_SED-2,10.58052/IEWDR01V3,Sediment,7.04,0.82,19.56,2.28,N/A
N/A,CM_045_SED-3,10.58052/IEWDR01V3,Sediment,6.29,0.8,17.52,2.23,N/A
N/A,CM_046_SED-1,10.58052/IEWDR01V6,Sediment,11.03,1.05,34.63,3.3,N/A
N/A,CM_046_SED-2,10.58052/IEWDR01V6,Sediment,11.63,1.25,36.54,3.93,N/A
N/A,CM_046_SED-3,10.58052/IEWDR01V6,Sediment,11.21,1.17,34.56,3.61,N/A
N/A,CM_047_SED-1,10.58052/IEWDR01ZH,Sediment,7.99,1.04,23.52,3.06,N/A
N/A,CM_047_SED-2,10.58052/IEWDR01ZH,Sediment,7.88,0.99,23.08,2.9,N/A
N/A,CM_047_SED-3,10.58052/IEWDR01ZH,Sediment,8.19,0.9,24.27,2.67,N/A
N/A,CM_048_SED-1,10.58052/IEWDR01ZI,Sediment,4.17,0.61,11.43,1.67,N/A
N/A,CM_048_SED-2,10.58052/IEWDR01ZI,Sediment,5.24,0.83,14.11,2.23,N/A
N/A,CM_048_SED-3,10.58052/IEWDR01ZI,Sediment,4.48,0.63,11.9,1.67,N/A
N/A,CM_049_SED-1,10.58052/IEWDR01ZJ,Sediment,6.68,0.78,19.72,2.3,N/A
N/A,CM_049_SED-2,10.58052/IEWDR01ZJ,Sediment,6.52,0.94,20.23,2.92,N/A
N/A,CM_049_SED-3,10.58052/IEWDR01ZJ,Sediment,6.6,0.67,19.7,2,N/A
N/A,CM_050_SED-1,10.58052/IEWDR01V9,Sediment,8.51,1,33.15,3.9,N/A
N/A,CM_050_SED-2,10.58052/IEWDR01V9,Sediment,8.72,1.01,34.74,4.02,N/A
N/A,CM_050_SED-3,10.58052/IEWDR01V9,Sediment,8.12,0.94,34.2,3.96,N/A
N/A,CM_051_SED-1,10.58052/IEWDR01VC,Sediment,4.63,0.48,14.59,1.51,N/A
N/A,CM_051_SED-2,10.58052/IEWDR01VC,Sediment,5.14,0.6,16.01,1.87,N/A
N/A,CM_051_SED-3,10.58052/IEWDR01VC,Sediment,4.56,0.58,14.31,1.82,N/A
N/A,CM_052_SED-1,10.58052/IEWDR01VF,Sediment,8.39,0.89,32.05,3.4,N/A
N/A,CM_052_SED-2,10.58052/IEWDR01VF,Sediment,8.25,0.68,31.72,2.61,N/A
N/A,CM_052_SED-3,10.58052/IEWDR01VF,Sediment,7.53,0.59,28.99,2.27,ICR_PREP_003
N/A,CM_053_SED-1,10.58052/IEWDR01ZK,Sediment,3.9,0.5,13.97,1.79,N/A
N/A,CM_053_SED-2,10.58052/IEWDR01ZK,Sediment,4.78,0.46,16.71,1.61,N/A
N/A,CM_053_SED-3,10.58052/IEWDR01ZK,Sediment,3.5,0.49,12.43,1.74,N/A
N/A,CM_054_SED-1,10.58052/IEWDR01ZL,Sediment,5.11,0.42,18.31,1.5,ICR_PREP_003
N/A,CM_054_SED-2,10.58052/IEWDR01ZL,Sediment,5.36,0.58,19.31,2.09,N/A
N/A,CM_054_SED-3,10.58052/IEWDR01ZL,Sediment,4.56,0.36,15.94,1.26,N/A
N/A,CM_055_SED-1,10.58052/IEWDR01ZM,Sediment,4.69,0.64,16.1,2.2,N/A
N/A,CM_055_SED-2,10.58052/IEWDR01ZM,Sediment,4.81,0.65,16.63,2.25,N/A
N/A,CM_055_SED-3,10.58052/IEWDR01ZM,Sediment,4.01,0.46,13.81,1.58,N/A
N/A,CM_056_SED-1,10.58052/IEWDR01VI,Sediment,4.99,TN_Below_0.1_ppm_Standard|0.08_ppm_Raw_Not_Corrected|0.27_ppm_Final_Corrected,13.73,TN_Below_0.1_ppm_Standard|0.08_ppm_Raw_Not_Corrected|0.74_ppm_Final_Corrected,DTL_003
N/A,CM_056_SED-2,10.58052/IEWDR01VI,Sediment,4.68,TN_Below_0.1_ppm_Standard|0.08_ppm_Raw_Not_Corrected|0.27_ppm_Final_Corrected,12.86,TN_Below_0.1_ppm_Standard|0.08_ppm_Raw_Not_Corrected|0.74_ppm_Final_Corrected,DTL_003
N/A,CM_056_SED-3,10.58052/IEWDR01VI,Sediment,4.67,TN_Below_0.1_ppm_Standard|0.06_ppm_Raw_Not_Corrected|0.21_ppm_Final_Corrected,13.62,TN_Below_0.1_ppm_Standard|0.06_ppm_Raw_Not_Corrected|0.61_ppm_Final_Corrected,DTL_003
N/A,CM_057_SED-1,10.58052/IEWDR01VL,Sediment,2.83,0.28,7.63,0.76,N/A
N/A,CM_057_SED-2,10.58052/IEWDR01VL,Sediment,3.37,0.26,8.56,0.66,N/A
N/A,CM_057_SED-3,10.58052/IEWDR01VL,Sediment,3.51,0.3,9.51,0.81,N/A
N/A,CM_058_SED-1,10.58052/IEWDR01VO,Sediment,3.91,TN_Below_0.1_ppm_Standard|0.07_ppm_Raw_Not_Corrected|0.26_ppm_Final_Corrected,10.83,TN_Below_0.1_ppm_Standard|0.07_ppm_Raw_Not_Corrected|0.72_ppm_Final_Corrected,DTL_003
N/A,CM_058_SED-2,10.58052/IEWDR01VO,Sediment,3.11,0.23,8.46,0.63,N/A
N/A,CM_058_SED-3,10.58052/IEWDR01VO,Sediment,3.43,TN_Below_0.1_ppm_Standard|0.05_ppm_Raw_Not_Corrected|0.16_ppm_Final_Corrected,9.19,TN_Below_0.1_ppm_Standard|0.05_ppm_Raw_Not_Corrected|0.43_ppm_Final_Corrected,DTL_003
N/A,CM_059_SED-1,10.58052/IEWDR01ZN,Sediment,2.75,0.26,7.68,0.73,TN_CV_030
N/A,CM_059_SED-2,10.58052/IEWDR01ZN,Sediment,3.42,0.55,9.8,1.58,TN_CV_030
N/A,CM_059_SED-3,10.58052/IEWDR01ZN,Sediment,2.91,0.5,8.11,1.39,TN_CV_030
N/A,CM_060_SED-1,10.58052/IEWDR01ZO,Sediment,8.13,0.89,22.42,2.45,N/A
N/A,CM_060_SED-2,10.58052/IEWDR01ZO,Sediment,8.03,0.9,21.84,2.45,ICR_PREP_003
N/A,CM_060_SED-3,10.58052/IEWDR01ZO,Sediment,8.75,0.97,24.27,2.69,N/A
N/A,CM_061_SED-1,10.58052/IEWDR01ZP,Sediment,4.06,0.58,11.05,1.58,N/A
N/A,CM_061_SED-2,10.58052/IEWDR01ZP,Sediment,4.02,0.56,11.12,1.55,ICR_PREP_003
N/A,CM_061_SED-3,10.58052/IEWDR01ZP,Sediment,4.24,0.4,11.47,1.08,ICR_PREP_003
N/A,CM_062_SED-1,10.58052/IEWDR01R3,Sediment,7.43,0.63,20.52,1.74,ICR_PREP_003; ICR_PREP_004
N/A,CM_062_SED-2,10.58052/IEWDR01R3,Sediment,7.39,0.66,21.1,1.88,ICR_PREP_003
N/A,CM_062_SED-3,10.58052/IEWDR01R3,Sediment,9.75,0.92,27.44,2.59,N/A
N/A,CM_063_SED-1,10.58052/IEWDR01R4,Sediment,10.15,0.95,27.45,2.57,N/A
N/A,CM_063_SED-2,10.58052/IEWDR01R4,Sediment,10.67,1.01,29.06,2.75,N/A
N/A,CM_063_SED-3,10.58052/IEWDR01R4,Sediment,8.93,1.06,24.2,2.87,N/A
N/A,CM_064_SED-1,10.58052/IEWDR01VR,Sediment,7.21,1.32,20.38,3.73,ICR_PREP_003
N/A,CM_064_SED-2,10.58052/IEWDR01VR,Sediment,6.55,1.3,19,3.77,ICR_PREP_003
N/A,CM_064_SED-3,10.58052/IEWDR01VR,Sediment,8.15,1.4,23.97,4.12,N/A
N/A,CM_065_SED-1,10.58052/IEWDR01ZQ,Sediment,4.03,TN_Below_0.1_ppm_Standard|0.08_ppm_Raw_Not_Corrected|0.27_ppm_Final_Corrected,11.71,TN_Below_0.1_ppm_Standard|0.08_ppm_Raw_Not_Corrected|0.78_ppm_Final_Corrected,ICR_PREP_003; DTL_003
N/A,CM_065_SED-2,10.58052/IEWDR01ZQ,Sediment,5.27,0.36,15.15,1.03,N/A
N/A,CM_065_SED-3,10.58052/IEWDR01ZQ,Sediment,4.82,TN_Below_0.1_ppm_Standard|0.08_ppm_Raw_Not_Corrected|0.29_ppm_Final_Corrected,14.17,TN_Below_0.1_ppm_Standard|0.08_ppm_Raw_Not_Corrected|0.85_ppm_Final_Corrected,ICR_PREP_003; DTL_003
N/A,CM_066_SED-1,10.58052/IEWDR01VU,Sediment,6.7,TN_Below_0.1_ppm_Standard|0.07_ppm_Raw_Not_Corrected|0.23_ppm_Final_Corrected,18.38,TN_Below_0.1_ppm_Standard|0.07_ppm_Raw_Not_Corrected|0.63_ppm_Final_Corrected,ICR_PREP_003; DTL_003
N/A,CM_066_SED-2,10.58052/IEWDR01VU,Sediment,6.59,0.35,18.28,0.97,N/A
N/A,CM_066_SED-3,10.58052/IEWDR01VU,Sediment,6.53,0.39,16.85,1.01,N/A
N/A,CM_068_SED-1,10.58052/IEWDR01VX,Sediment,15.38,2.97,78.53,15.16,N/A
N/A,CM_068_SED-2,10.58052/IEWDR01VX,Sediment,17.4,3.4,88.76,17.34,N/A
N/A,CM_068_SED-3,10.58052/IEWDR01VX,Sediment,17.53,3.4,91.46,17.74,N/A
N/A,CM_069_SED-1,10.58052/IEWDR01W0,Sediment,34.16,5.3,99.28,15.4,N/A
N/A,CM_069_SED-2,10.58052/IEWDR01W0,Sediment,34.09,5.09,96.2,14.36,N/A
N/A,CM_069_SED-3,10.58052/IEWDR01W0,Sediment,33.56,5.21,97.92,15.2,N/A
N/A,CM_070_SED-1,10.58052/IEWDR01W3,Sediment,5.51,0.78,16.68,2.36,N/A
N/A,CM_070_SED-2,10.58052/IEWDR01W3,Sediment,6.68,0.93,20.01,2.79,N/A
N/A,CM_070_SED-3,10.58052/IEWDR01W3,Sediment,5.58,1.13,16.79,3.4,N/A
N/A,CM_071_SED-1,10.58052/IEWDR01W6,Sediment,64.36,11.21,294.93,51.37,N/A
N/A,CM_071_SED-2,10.58052/IEWDR01W6,Sediment,58.91,10.88,265.74,49.08,N/A
N/A,CM_071_SED-3,10.58052/IEWDR01W6,Sediment,56.84,10.84,251.93,48.04,N/A
N/A,CM_072_SED-1,10.58052/IEWDR01W9,Sediment,30.08,4.04,149.8,20.12,N/A
N/A,CM_072_SED-2,10.58052/IEWDR01W9,Sediment,32.98,4.29,167.9,21.84,N/A
N/A,CM_072_SED-3,10.58052/IEWDR01W9,Sediment,29.76,3.9,153.05,20.06,N/A
N/A,CM_073_SED-1,10.58052/IEWDR01WC,Sediment,5.18,0.67,14.1,1.82,N/A
N/A,CM_073_SED-2,10.58052/IEWDR01WC,Sediment,5.47,0.68,14.76,1.83,N/A
N/A,CM_073_SED-3,10.58052/IEWDR01WC,Sediment,4.88,0.61,13.31,1.66,N/A
N/A,CM_074_SED-1,10.58052/IEWDR01WF,Sediment,8.58,1.79,23.66,4.94,N/A
N/A,CM_074_SED-2,10.58052/IEWDR01WF,Sediment,7.81,1.89,21.82,5.28,N/A
N/A,CM_074_SED-3,10.58052/IEWDR01WF,Sediment,7,1.76,19.28,4.85,N/A
N/A,CM_075_SED-1,10.58052/IEWDR01WI,Sediment,14.28,1.61,45.41,5.12,N/A
N/A,CM_075_SED-2,10.58052/IEWDR01WI,Sediment,15.76,1.75,43.23,4.8,N/A
N/A,CM_075_SED-3,10.58052/IEWDR01WI,Sediment,15.26,1.8,47.13,5.56,N/A
N/A,CM_076_SED-1,10.58052/IEWDR01WL,Sediment,4.81,0.66,14.47,1.99,N/A
N/A,CM_076_SED-2,10.58052/IEWDR01WL,Sediment,4.54,0.78,13.78,2.37,N/A
N/A,CM_076_SED-3,10.58052/IEWDR01WL,Sediment,4.69,0.62,13.68,1.81,N/A
N/A,CM_077_SED-1,10.58052/IEWDR01WO,Sediment,10.57,1.57,29.8,4.43,N/A
N/A,CM_077_SED-2,10.58052/IEWDR01WO,Sediment,14.47,2.46,41.93,7.13,N/A
N/A,CM_077_SED-3,10.58052/IEWDR01WO,Sediment,14.11,2.52,41.01,7.32,N/A
N/A,CM_078_SED-1,10.58052/IEWDR01WR,Sediment,11.28,1.62,43.56,6.26,N/A
N/A,CM_078_SED-2,10.58052/IEWDR01WR,Sediment,12.25,1.8,46.74,6.87,N/A
N/A,CM_078_SED-3,10.58052/IEWDR01WR,Sediment,12.61,1.77,48.23,6.77,N/A
N/A,CM_079_SED-1,10.58052/IEWDR01WU,Sediment,40.87,6.95,115.92,19.71,N/A
N/A,CM_079_SED-2,10.58052/IEWDR01WU,Sediment,37.9,6.44,107.68,18.3,N/A
N/A,CM_079_SED-3,10.58052/IEWDR01WU,Sediment,41.7,6.94,121.35,20.2,N/A
N/A,CM_080_SED-1,10.58052/IEWDR01WX,Sediment,22.35,3.03,200.34,27.16,N/A
N/A,CM_080_SED-2,10.58052/IEWDR01WX,Sediment,21.43,2.71,178.78,22.61,N/A
N/A,CM_080_SED-3,10.58052/IEWDR01WX,Sediment,19.06,2.31,178.02,21.58,N/A
N/A,CM_081_SED-1,10.58052/IEWDR01X0,Sediment,9.11,1.05,27.1,3.12,N/A
N/A,CM_081_SED-2,10.58052/IEWDR01X0,Sediment,9.4,1,28.13,2.99,N/A
N/A,CM_081_SED-3,10.58052/IEWDR01X0,Sediment,9.03,0.99,26.82,2.94,N/A
N/A,CM_082_SED-1,10.58052/IEWDR01X3,Sediment,13.53,1.48,40,4.38,N/A
N/A,CM_082_SED-2,10.58052/IEWDR01X3,Sediment,13.87,1.52,42.02,4.6,N/A
N/A,CM_082_SED-3,10.58052/IEWDR01X3,Sediment,14.58,1.66,43.03,4.9,N/A
N/A,CM_083_SED-1,10.58052/IEWDR01ZR,Sediment,16.87,3.35,49.29,9.79,N/A
N/A,CM_083_SED-2,10.58052/IEWDR01ZR,Sediment,17.06,3.31,50.06,9.71,N/A
N/A,CM_083_SED-3,10.58052/IEWDR01ZR,Sediment,17.98,3.55,51.89,10.25,N/A
N/A,CM_084_SED-1,10.58052/IEWDR01X6,Sediment,13.75,2.35,43.23,7.39,N/A
N/A,CM_084_SED-2,10.58052/IEWDR01X6,Sediment,12.89,2.06,38.79,6.2,N/A
N/A,CM_084_SED-3,10.58052/IEWDR01X6,Sediment,12.41,2.26,38.77,7.06,N/A
N/A,CM_085_SED-1,10.58052/IEWDR01X9,Sediment,9.35,1.15,28.81,3.54,N/A
N/A,CM_085_SED-2,10.58052/IEWDR01X9,Sediment,10.1,1.26,30.58,3.82,N/A
N/A,CM_085_SED-3,10.58052/IEWDR01X9,Sediment,11.19,1.36,34.7,4.22,N/A
N/A,CM_086_SED-1,10.58052/IEWDR01ZS,Sediment,24.92,1.73,102.7,7.13,N/A
N/A,CM_086_SED-2,10.58052/IEWDR01ZS,Sediment,28.61,2.13,116.76,8.69,N/A
N/A,CM_086_SED-3,10.58052/IEWDR01ZS,Sediment,26.95,2.03,111.2,8.38,N/A
N/A,CM_087_SED-1,10.58052/IEWDR01ZT,Sediment,12.53,1.31,43.05,4.5,N/A
N/A,CM_087_SED-2,10.58052/IEWDR01ZT,Sediment,12.5,1.34,42.98,4.61,N/A
N/A,CM_087_SED-3,10.58052/IEWDR01ZT,Sediment,13.6,1.36,48.18,4.82,N/A
N/A,CM_088_SED-1,10.58052/IEWDR01XC,Sediment,8.39,1.18,28.67,4.03,N/A
N/A,CM_088_SED-2,10.58052/IEWDR01XC,Sediment,11.94,1.64,40.86,5.61,N/A
N/A,CM_088_SED-3,10.58052/IEWDR01XC,Sediment,11,1.54,37.66,5.27,N/A
N/A,CM_089_SED-1,10.58052/IEWDR01ZU,Sediment,5.56,0.71,16.07,2.05,N/A
N/A,CM_089_SED-2,10.58052/IEWDR01ZU,Sediment,6.14,0.83,17.74,2.4,N/A
N/A,CM_089_SED-3,10.58052/IEWDR01ZU,Sediment,5.95,1.01,16.87,2.86,N/A
N/A,CM_090_SED-1,10.58052/IEWDR01ZV,Sediment,8.1,0.78,21.09,2.03,N/A
N/A,CM_090_SED-2,10.58052/IEWDR01ZV,Sediment,10.32,0.94,26.9,2.45,N/A
N/A,CM_090_SED-3,10.58052/IEWDR01ZV,Sediment,11.27,1.13,29.22,2.93,N/A
N/A,CM_091_SED-1,10.58052/IEWDR01ZW,Sediment,7.3,0.76,21.5,2.24,N/A
N/A,CM_091_SED-2,10.58052/IEWDR01ZW,Sediment,6.87,0.77,19.66,2.2,N/A
N/A,CM_091_SED-3,10.58052/IEWDR01ZW,Sediment,7.23,0.73,20.66,2.09,N/A
N/A,CM_092_SED-1,10.58052/IEWDR01ZX,Sediment,7.89,0.77,20.56,2.01,N/A
N/A,CM_092_SED-2,10.58052/IEWDR01ZX,Sediment,9.09,0.85,23.88,2.23,N/A
N/A,CM_092_SED-3,10.58052/IEWDR01ZX,Sediment,8.02,0.81,20.84,2.1,N/A
N/A,CM_093_SED-1,10.58052/IEWDR01ZY,Sediment,3.99,0.44,10.62,1.17,N/A
N/A,CM_093_SED-2,10.58052/IEWDR01ZY,Sediment,5.14,0.56,13.88,1.51,N/A
N/A,CM_093_SED-3,10.58052/IEWDR01ZY,Sediment,4.75,0.51,12.74,1.37,N/A
N/A,CM_094_SED-1,10.58052/IEWDR01ZZ,Sediment,14.36,1.68,41.92,4.9,N/A
N/A,CM_094_SED-2,10.58052/IEWDR01ZZ,Sediment,13.52,1.65,39.55,4.83,N/A
N/A,CM_094_SED-3,10.58052/IEWDR01ZZ,Sediment,14.2,1.92,41.56,5.62,N/A
N/A,CM_095_SED-1,10.58052/IEWDR0200,Sediment,25.16,3.19,93.28,11.83,N/A
N/A,CM_095_SED-2,10.58052/IEWDR0200,Sediment,24.84,3.57,92.42,13.28,N/A
N/A,CM_095_SED-3,10.58052/IEWDR0200,Sediment,22.52,3.34,85.14,12.63,ICR_PREP_003
N/A,CM_096_SED-1,10.58052/IEWDR0201,Sediment,3.85,0.74,11.01,2.12,N/A
N/A,CM_096_SED-2,10.58052/IEWDR0201,Sediment,3.77,0.64,10.76,1.83,N/A
N/A,CM_096_SED-3,10.58052/IEWDR0201,Sediment,3.87,0.78,11.03,2.22,N/A
N/A,CM_097_SED-1,10.58052/IEWDR0202,Sediment,6.58,0.37,16.6,0.93,N/A
N/A,CM_097_SED-2,10.58052/IEWDR0202,Sediment,6.11,0.41,15.56,1.04,N/A
N/A,CM_097_SED-3,10.58052/IEWDR0202,Sediment,6.31,0.35,15.94,0.88,N/A
N/A,CM_098_SED-1,10.58052/IEWDR0203,Sediment,27.79,3.21,133.57,15.43,N/A
N/A,CM_098_SED-2,10.58052/IEWDR0203,Sediment,27.36,3.21,125.91,14.77,N/A
N/A,CM_098_SED-3,10.58052/IEWDR0203,Sediment,26.76,3.4,128.72,16.35,N/A
N/A,CM_099_SED-1,10.58052/IEWDR0204,Sediment,33.6,5.43,269,43.47,N/A
N/A,CM_099_SED-2,10.58052/IEWDR0204,Sediment,33.86,5.52,262,42.71,N/A
N/A,CM_099_SED-3,10.58052/IEWDR0204,Sediment,34.43,5.63,278.35,45.52,N/A
N/A,CM_100_SED-1,10.58052/IEWDR0205,Sediment,4.31,0.71,12.7,2.09,N/A
N/A,CM_100_SED-2,10.58052/IEWDR0205,Sediment,4.26,0.57,12.6,1.69,N/A
N/A,CM_100_SED-3,10.58052/IEWDR0205,Sediment,3.69,0.48,10.81,1.41,N/A
N/A,CM_101_SED-1,10.58052/IEWDR0206,Sediment,4.29,0.66,12.03,1.85,N/A
N/A,CM_101_SED-2,10.58052/IEWDR0206,Sediment,4.56,0.62,13.17,1.79,N/A
N/A,CM_101_SED-3,10.58052/IEWDR0206,Sediment,4.66,0.84,13.26,2.39,N/A
N/A,CM_102_SED-1,10.58052/IEWDR0207,Sediment,6.02,0.83,16.83,2.32,N/A
N/A,CM_102_SED-2,10.58052/IEWDR0207,Sediment,5.59,0.86,15.47,2.38,N/A
N/A,CM_102_SED-3,10.58052/IEWDR0207,Sediment,5.48,0.75,15.13,2.07,N/A
N/A,CM_103_SED-1,10.58052/IEWDR0208,Sediment,7.33,0.78,26.52,2.82,N/A
N/A,CM_103_SED-2,10.58052/IEWDR0208,Sediment,7.88,0.76,28.32,2.73,N/A
N/A,CM_103_SED-3,10.58052/IEWDR0208,Sediment,7.2,0.74,25.87,2.66,N/A
N/A,CM_104_SED-1,10.58052/IEWDR0209,Sediment,13.96,1.9,57.31,7.8,N/A
N/A,CM_104_SED-2,10.58052/IEWDR0209,Sediment,14.26,1.87,59.37,7.79,N/A
N/A,CM_104_SED-3,10.58052/IEWDR0209,Sediment,14.65,1.9,60.32,7.82,N/A
N/A,CM_105_SED-1,10.58052/IEWDR020A,Sediment,8.87,0.76,27.22,2.33,N/A
N/A,CM_105_SED-2,10.58052/IEWDR020A,Sediment,7.48,0.65,23,2,N/A
N/A,CM_105_SED-3,10.58052/IEWDR020A,Sediment,7.45,1.07,23.12,3.32,N/A
N/A,CM_106_SED-1,10.58052/IEWDR020B,Sediment,7.24,1,28.24,3.9,N/A
N/A,CM_106_SED-2,10.58052/IEWDR020B,Sediment,10.18,1.22,39.82,4.77,N/A
N/A,CM_106_SED-3,10.58052/IEWDR020B,Sediment,10.11,1.3,39.5,5.08,N/A
N/A,CM_107_SED-1,10.58052/IEWDR020C,Sediment,5.86,1.04,15.16,2.69,N/A
N/A,CM_107_SED-2,10.58052/IEWDR020C,Sediment,6.78,0.99,17.71,2.59,N/A
N/A,CM_107_SED-3,10.58052/IEWDR020C,Sediment,6.32,0.99,16.26,2.55,N/A
N/A,CM_108_SED-1,10.58052/IEWDR020D,Sediment,5.73,1.34,16.23,3.79,N/A
N/A,CM_108_SED-2,10.58052/IEWDR020D,Sediment,6.13,1.68,17.54,4.81,N/A
N/A,CM_108_SED-3,10.58052/IEWDR020D,Sediment,5.49,1.37,15.45,3.86,N/A
N/A,CM_109_SED-1,10.58052/IEWDR020E,Sediment,23.6,5,66.39,14.07,N/A
N/A,CM_109_SED-2,10.58052/IEWDR020E,Sediment,23.53,4.92,65.46,13.69,N/A
N/A,CM_109_SED-3,10.58052/IEWDR020E,Sediment,24.13,5.02,67.56,14.05,N/A
N/A,CM_110_SED-1,10.58052/IEWDR020F,Sediment,11.41,2.44,31.61,6.76,N/A
N/A,CM_110_SED-2,10.58052/IEWDR020F,Sediment,10.67,2.42,29.88,6.78,N/A
N/A,CM_110_SED-3,10.58052/IEWDR020F,Sediment,11.87,2.51,33.48,7.08,N/A
N/A,CM_111_SED-1,10.58052/IEWDR020G,Sediment,3.97,0.56,10.3,1.45,N/A
N/A,CM_111_SED-2,10.58052/IEWDR020G,Sediment,4.17,0.48,10.69,1.23,N/A
N/A,CM_111_SED-3,10.58052/IEWDR020G,Sediment,3.46,0.65,8.9,1.67,N/A
N/A,CM_112_SED-1,10.58052/IEWDR020H,Sediment,6.63,1.22,17.11,3.15,N/A
N/A,CM_112_SED-2,10.58052/IEWDR020H,Sediment,6.12,1.25,16.22,3.31,N/A
N/A,CM_112_SED-3,10.58052/IEWDR020H,Sediment,5.83,1.1,15.05,2.84,N/A
N/A,CM_113_SED-1,10.58052/IEWDR020I,Sediment,6.62,0.99,18.81,2.81,N/A
N/A,CM_113_SED-2,10.58052/IEWDR020I,Sediment,6.47,0.87,18.58,2.5,N/A
N/A,CM_113_SED-3,10.58052/IEWDR020I,Sediment,5.98,0.8,17.39,2.33,N/A
N/A,CM_114_SED-1,10.58052/IEWDR020J,Sediment,9.02,1.53,39.88,6.76,N/A
N/A,CM_114_SED-2,10.58052/IEWDR020J,Sediment,7.55,1.23,31.35,5.11,N/A
N/A,CM_114_SED-3,10.58052/IEWDR020J,Sediment,9.19,1.32,36.99,5.31,N/A
N/A,CM_115_SED-1,10.58052/IEWDR020K,Sediment,8.9,2.02,24.61,5.58,N/A
N/A,CM_115_SED-2,10.58052/IEWDR020K,Sediment,10.38,2.21,28.87,6.15,N/A
N/A,CM_115_SED-3,10.58052/IEWDR020K,Sediment,8.79,2.01,24.65,5.64,N/A
N/A,CM_116_SED-1,10.58052/IEWDR020L,Sediment,15.75,3.08,47.17,9.22,N/A
N/A,CM_116_SED-2,10.58052/IEWDR020L,Sediment,15.44,3.06,46.61,9.24,N/A
N/A,CM_116_SED-3,10.58052/IEWDR020L,Sediment,15.29,3.11,44.32,9.01,N/A
N/A,CM_117_SED-1,10.58052/IEWDR020M,Sediment,2.42,0.41,8.2,1.39,N/A
N/A,CM_117_SED-2,10.58052/IEWDR020M,Sediment,2.7,0.45,9.14,1.52,N/A
N/A,CM_117_SED-3,10.58052/IEWDR020M,Sediment,2.65,0.45,8.84,1.5,N/A
N/A,SSS001_SED-1,10.58052/IEWDR01R5,Sediment,5.56,0.76,20.17,2.76,N/A
N/A,SSS001_SED-2,10.58052/IEWDR01R5,Sediment,6.04,0.77,26.64,3.4,N/A
N/A,SSS001_SED-3,10.58052/IEWDR01R5,Sediment,7.57,0.97,30.79,3.95,N/A
N/A,SSS002_SED-1,10.58052/IEWDR01R6,Sediment,7.1,1.39,20.47,4.01,N/A
N/A,SSS002_SED-2,10.58052/IEWDR01R6,Sediment,7.05,1.37,23.57,4.58,ICR_PREP_003
N/A,SSS002_SED-3,10.58052/IEWDR01R6,Sediment,6.19,1.17,18.2,3.44,N/A
N/A,SSS003_SED-1,10.58052/IEWDR01R7,Sediment,7.38,1.22,24.68,4.08,N/A
N/A,SSS003_SED-2,10.58052/IEWDR01R7,Sediment,7.76,1.1,24.13,3.42,N/A
N/A,SSS003_SED-3,10.58052/IEWDR01R7,Sediment,6.81,0.99,22.66,3.29,N/A
N/A,SSS004_SED-1,10.58052/IEWDR01R8,Sediment,10.06,1.37,43.02,5.86,N/A
N/A,SSS004_SED-2,10.58052/IEWDR01R8,Sediment,10.51,1.46,49.7,6.9,ICR_PREP_006
N/A,SSS004_SED-3,10.58052/IEWDR01R8,Sediment,10.72,1.47,44.78,6.14,ICR_PREP_003
N/A,SSS005_SED-1,10.58052/IEWDR01R9,Sediment,5.46,0.91,18.67,3.11,N/A
N/A,SSS005_SED-2,10.58052/IEWDR01R9,Sediment,6.56,1.01,20.98,3.23,N/A
N/A,SSS005_SED-3,10.58052/IEWDR01R9,Sediment,5.31,1.04,17.52,3.43,N/A
N/A,SSS006_SED-1,10.58052/IEWDR01RA,Sediment,13.4,2.71,48.37,9.78,N/A
N/A,SSS006_SED-2,10.58052/IEWDR01RA,Sediment,15.45,3.05,55.01,10.86,N/A
N/A,SSS006_SED-3,10.58052/IEWDR01RA,Sediment,10.35,2.26,42.47,9.27,N/A
N/A,SSS007_SED-1,10.58052/IEWDR01RB,Sediment,5.67,0.62,17.14,1.87,N/A
N/A,SSS007_SED-2,10.58052/IEWDR01RB,Sediment,3.93,0.5,11.82,1.5,N/A
N/A,SSS007_SED-3,10.58052/IEWDR01RB,Sediment,3.57,0.39,10.48,1.14,N/A
N/A,SSS008_SED-1,10.58052/IEWDR01RC,Sediment,12.14,1.11,66.65,6.09,N/A
N/A,SSS008_SED-2,10.58052/IEWDR01RC,Sediment,11.15,1.01,61.86,5.6,N/A
N/A,SSS008_SED-3,10.58052/IEWDR01RC,Sediment,11.78,1.07,63.33,5.75,N/A
N/A,SSS009_SED-1,10.58052/IEWDR01RD,Sediment,1.65,TN_Below_0.1_ppm_Standard|0.09_ppm_Raw_Not_Corrected|0.2_ppm_Final_Corrected,4.81,TN_Below_0.1_ppm_Standard|0.09_ppm_Raw_Not_Corrected|0.58_ppm_Final_Corrected,DTL_003
N/A,SSS009_SED-2,10.58052/IEWDR01RD,Sediment,1.71,TN_Below_0.1_ppm_Standard|0.07_ppm_Raw_Not_Corrected|0.16_ppm_Final_Corrected,4.97,TN_Below_0.1_ppm_Standard|0.07_ppm_Raw_Not_Corrected|0.46_ppm_Final_Corrected,DTL_003
N/A,SSS009_SED-3,10.58052/IEWDR01RD,Sediment,1.39,TN_Below_0.1_ppm_Standard|0.06_ppm_Raw_Not_Corrected|0.13_ppm_Final_Corrected,4.11,TN_Below_0.1_ppm_Standard|0.06_ppm_Raw_Not_Corrected|0.38_ppm_Final_Corrected,DTL_003
N/A,SSS010_SED-1,10.58052/IEWDR01RE,Sediment,3.6,0.82,10.38,2.36,N/A
N/A,SSS010_SED-2,10.58052/IEWDR01RE,Sediment,3.34,0.72,9.66,2.08,N/A
N/A,SSS010_SED-3,10.58052/IEWDR01RE,Sediment,3.02,0.68,8.53,1.92,N/A
N/A,SSS011_SED-1,10.58052/IEWDR01RF,Sediment,12.8,2.33,39,7.1,N/A
N/A,SSS011_SED-2,10.58052/IEWDR01RF,Sediment,11.31,2.46,35.68,7.76,N/A
N/A,SSS011_SED-3,10.58052/IEWDR01RF,Sediment,11.5,2.33,35.14,7.12,N/A
N/A,SSS012_SED-1,10.58052/IEWDR01RG,Sediment,20.25,2.61,80.06,10.32,N/A
N/A,SSS012_SED-2,10.58052/IEWDR01RG,Sediment,35.88,3.83,179.33,19.14,N/A
N/A,SSS012_SED-3,10.58052/IEWDR01RG,Sediment,30.59,3.6,123.28,14.51,N/A
N/A,SSS013_SED-1,10.58052/IEWDR01RH,Sediment,42.78,6.09,144.53,20.57,N/A
N/A,SSS013_SED-2,10.58052/IEWDR01RH,Sediment,50.14,7.31,171.04,24.94,N/A
N/A,SSS013_SED-3,10.58052/IEWDR01RH,Sediment,41.47,5.85,150.58,21.24,N/A
N/A,SSS014_SED-1,10.58052/IEWDR01RI,Sediment,8.58,1.1,27.43,3.52,N/A
N/A,SSS014_SED-2,10.58052/IEWDR01RI,Sediment,6.74,1.08,20.69,3.31,ICR_PREP_003
N/A,SSS014_SED-3,10.58052/IEWDR01RI,Sediment,6.98,1.03,22.58,3.33,ICR_PREP_006
N/A,SSS015_SED-1,10.58052/IEWDR01RJ,Sediment,4.28,0.64,13.18,1.97,N/A
N/A,SSS015_SED-2,10.58052/IEWDR01RJ,Sediment,3.77,0.69,11.76,2.15,N/A
N/A,SSS015_SED-3,10.58052/IEWDR01RJ,Sediment,5.23,0.7,16.38,2.19,N/A
N/A,SSS016_SED-1,10.58052/IEWDR01RK,Sediment,31.46,4.66,189.42,28.06,N/A
N/A,SSS016_SED-2,10.58052/IEWDR01RK,Sediment,39.77,5.44,236.32,32.33,N/A
N/A,SSS016_SED-3,10.58052/IEWDR01RK,Sediment,42.62,5.83,232.71,31.83,N/A
N/A,SSS017_SED-1,10.58052/IEWDR01RL,Sediment,7.52,1.37,20.73,3.78,N/A
N/A,SSS017_SED-2,10.58052/IEWDR01RL,Sediment,6.68,1.3,19.14,3.72,N/A
N/A,SSS017_SED-3,10.58052/IEWDR01RL,Sediment,5.36,0.93,14.74,2.56,ICR_PREP_006
N/A,SSS018_SED-1,10.58052/IEWDR01RM,Sediment,5.14,0.79,14.56,2.24,N/A
N/A,SSS018_SED-2,10.58052/IEWDR01RM,Sediment,4.76,0.73,13.24,2.03,N/A
N/A,SSS018_SED-3,10.58052/IEWDR01RM,Sediment,4.71,0.84,13.43,2.39,N/A
N/A,SSS019_SED-1,10.58052/IEWDR01RN,Sediment,6.59,5.49,23.56,19.63,TN_CV_030
N/A,SSS019_SED-2,10.58052/IEWDR01RN,Sediment,7.12,1.21,24.34,4.14,TN_CV_030
N/A,SSS019_SED-3,10.58052/IEWDR01RN,Sediment,10.67,1.77,37.99,6.3,TN_CV_030
N/A,SSS020_SED-1,10.58052/IEWDR01RO,Sediment,6.95,0.85,22.87,2.8,N/A
N/A,SSS020_SED-2,10.58052/IEWDR01RO,Sediment,7.19,1.16,24.14,3.89,N/A
N/A,SSS020_SED-3,10.58052/IEWDR01RO,Sediment,10.84,1.41,37.16,4.83,N/A
N/A,SSS021_SED-1,10.58052/IEWDR01RP,Sediment,13.03,2.16,46.63,7.73,N/A
N/A,SSS021_SED-2,10.58052/IEWDR01RP,Sediment,11.32,1.95,41.55,7.16,ICR_PREP_003
N/A,SSS021_SED-3,10.58052/IEWDR01RP,Sediment,10.68,1.96,37.01,6.79,N/A
N/A,SSS022_SED-1,10.58052/IEWDR01RQ,Sediment,4.15,0.81,12.13,2.37,N/A
N/A,SSS022_SED-2,10.58052/IEWDR01RQ,Sediment,4.57,0.98,13.12,2.81,N/A
N/A,SSS022_SED-3,10.58052/IEWDR01RQ,Sediment,4.05,0.83,12.15,2.49,N/A
N/A,SSS023_SED-1,10.58052/IEWDR01RR,Sediment,13.39,1.26,56.96,5.36,N/A
N/A,SSS023_SED-2,10.58052/IEWDR01RR,Sediment,12.12,1.13,44.86,4.18,N/A
N/A,SSS023_SED-3,10.58052/IEWDR01RR,Sediment,12.1,1.36,54.41,6.12,ICR_PREP_006
N/A,SSS024_SED-1,10.58052/IEWDR01RS,Sediment,11.24,1.68,40.44,6.04,ICR_PREP_003
N/A,SSS024_SED-2,10.58052/IEWDR01RS,Sediment,10.49,1.56,38.64,5.75,ICR_PREP_006
N/A,SSS024_SED-3,10.58052/IEWDR01RS,Sediment,8.87,1.35,32.48,4.94,ICR_PREP_006
N/A,SSS025_SED-1,10.58052/IEWDR01RT,Sediment,11.48,1.9,38.7,6.41,ICR_PREP_003
N/A,SSS025_SED-2,10.58052/IEWDR01RT,Sediment,12.21,2.12,40.28,6.99,ICR_PREP_006
N/A,SSS025_SED-3,10.58052/IEWDR01RT,Sediment,11.48,1.93,38.33,6.44,ICR_PREP_006
N/A,SSS026_SED-1,10.58052/IEWDR01RU,Sediment,26.96,3.83,83.87,11.91,ICR_PREP_006
N/A,SSS026_SED-2,10.58052/IEWDR01RU,Sediment,25.78,3.64,80.79,11.41,ICR_PREP_006
N/A,SSS026_SED-3,10.58052/IEWDR01RU,Sediment,8.77,2.3,27.22,7.14,ICR_PREP_006
N/A,SSS027_SED-1,10.58052/IEWDR01RV,Sediment,8.69,1.63,28.24,5.3,N/A
N/A,SSS027_SED-2,10.58052/IEWDR01RV,Sediment,10.17,2.14,33.09,6.96,N/A
N/A,SSS027_SED-3,10.58052/IEWDR01RV,Sediment,11.13,2.3,36,7.44,N/A
N/A,SSS028_SED-1,10.58052/IEWDR01RW,Sediment,6.93,1.3,22.04,4.13,ICR_PREP_006
N/A,SSS028_SED-2,10.58052/IEWDR01RW,Sediment,6.67,1.24,20.83,3.87,ICR_PREP_006
N/A,SSS028_SED-3,10.58052/IEWDR01RW,Sediment,7.79,1.51,24.42,4.73,ICR_PREP_006
N/A,SSS029_SED-1,10.58052/IEWDR01RX,Sediment,5.31,0.89,14.84,2.49,N/A
N/A,SSS029_SED-2,10.58052/IEWDR01RX,Sediment,8.61,1.26,24.22,3.54,N/A
N/A,SSS029_SED-3,10.58052/IEWDR01RX,Sediment,8.07,1.25,22.84,3.54,N/A
N/A,SSS030_SED-1,10.58052/IEWDR01RY,Sediment,4.48,0.71,12.89,2.04,N/A
N/A,SSS030_SED-2,10.58052/IEWDR01RY,Sediment,4.93,0.8,14.4,2.34,N/A
N/A,SSS030_SED-3,10.58052/IEWDR01RY,Sediment,6.26,0.85,18.19,2.47,N/A
N/A,SSS031_SED-1,10.58052/IEWDR01RZ,Sediment,3.97,0.6,11.44,1.73,ICR_PREP_006
N/A,SSS031_SED-2,10.58052/IEWDR01RZ,Sediment,4.31,0.49,12.17,1.38,N/A
N/A,SSS031_SED-3,10.58052/IEWDR01RZ,Sediment,5.65,0.68,16.12,1.94,N/A
N/A,SSS032_SED-1,10.58052/IEWDR01S0,Sediment,5.03,0.68,15.95,2.16,ICR_PREP_003
N/A,SSS032_SED-2,10.58052/IEWDR01S0,Sediment,4.03,0.59,12.86,1.88,ICR_PREP_006
N/A,SSS032_SED-3,10.58052/IEWDR01S0,Sediment,5.6,0.83,18.26,2.71,ICR_PREP_006
N/A,SSS033_SED-1,10.58052/IEWDR01S1,Sediment,9.52,1.72,27.3,4.93,N/A
N/A,SSS033_SED-2,10.58052/IEWDR01S1,Sediment,5.91,1.02,16.31,2.81,ICR_PREP_006
N/A,SSS033_SED-3,10.58052/IEWDR01S1,Sediment,7.88,1.46,22.07,4.09,ICR_PREP_003
N/A,SSS034_SED-1,10.58052/IEWDR01S2,Sediment,3.02,0.5,8.76,1.45,N/A
N/A,SSS034_SED-2,10.58052/IEWDR01S2,Sediment,2.98,0.62,8.75,1.82,N/A
N/A,SSS034_SED-3,10.58052/IEWDR01S2,Sediment,3.2,0.65,9.35,1.9,N/A
N/A,SSS035_SED-1,10.58052/IEWDR01S3,Sediment,5.32,1.08,15.17,3.08,N/A
N/A,SSS035_SED-2,10.58052/IEWDR01S3,Sediment,5.26,1.03,15.34,3,N/A
N/A,SSS035_SED-3,10.58052/IEWDR01S3,Sediment,5.46,1.11,15.78,3.21,N/A
N/A,SSS036_SED-1,10.58052/IEWDR01S4,Sediment,7.04,1.14,20.79,3.37,N/A
N/A,SSS036_SED-2,10.58052/IEWDR01S4,Sediment,6.36,0.96,18.64,2.81,N/A
N/A,SSS036_SED-3,10.58052/IEWDR01S4,Sediment,5.55,0.76,15.89,2.18,N/A
N/A,SSS037_SED-1,10.58052/IEWDR01S5,Sediment,8.98,1.45,28.44,4.59,N/A
N/A,SSS037_SED-2,10.58052/IEWDR01S5,Sediment,9.64,1.59,30.51,5.03,N/A
N/A,SSS037_SED-3,10.58052/IEWDR01S5,Sediment,9.75,1.55,31.15,4.95,N/A
N/A,SSS038_SED-1,10.58052/IEWDR01S6,Sediment,9.69,1.53,29.2,4.61,ICR_PREP_006
N/A,SSS038_SED-2,10.58052/IEWDR01S6,Sediment,9.81,1.55,28.55,4.51,ICR_PREP_003
N/A,SSS038_SED-3,10.58052/IEWDR01S6,Sediment,7.56,1.11,21.8,3.2,N/A
N/A,SSS039_SED-1,10.58052/IEWDR01S7,Sediment,8.35,1.26,25.71,3.88,N/A
N/A,SSS039_SED-2,10.58052/IEWDR01S7,Sediment,8.18,1.26,24.61,3.79,N/A
N/A,SSS039_SED-3,10.58052/IEWDR01S7,Sediment,7.26,1.05,21.58,3.12,N/A
N/A,SSS040_SED-1,10.58052/IEWDR01S8,Sediment,3.22,0.45,9.86,1.38,N/A
N/A,SSS040_SED-2,10.58052/IEWDR01S8,Sediment,3.9,0.55,12.07,1.7,N/A
N/A,SSS040_SED-3,10.58052/IEWDR01S8,Sediment,3.36,0.55,10.49,1.72,N/A
N/A,SSS041_SED-1,10.58052/IEWDR01S9,Sediment,6.99,1.14,20.7,3.38,NPOC_CV_030; TN_CV_030
N/A,SSS041_SED-2,10.58052/IEWDR01S9,Sediment,5.87,1.11,16.97,3.21,ICR_PREP_006
N/A,SSS041_SED-3,10.58052/IEWDR01S9,Sediment,5.77,0.94,17.07,2.78,ICR_PREP_006
N/A,SSS042_SED-1,10.58052/IEWDR01SA,Sediment,5.14,0.74,14.86,2.14,ICR_PREP_003
N/A,SSS042_SED-2,10.58052/IEWDR01SA,Sediment,4.01,0.59,11.33,1.67,ICR_PREP_006
N/A,SSS042_SED-3,10.58052/IEWDR01SA,Sediment,5.52,0.73,15.87,2.1,N/A
N/A,SSS043_SED-1,10.58052/IEWDR01SB,Sediment,8.78,1.95,24.6,5.46,N/A
N/A,SSS043_SED-2,10.58052/IEWDR01SB,Sediment,8.98,1.81,25.22,5.08,N/A
N/A,SSS043_SED-3,10.58052/IEWDR01SB,Sediment,9.18,1.88,26.24,5.37,N/A
N/A,SSS044_SED-1,10.58052/IEWDR01SC,Sediment,5.07,0.68,15.57,2.09,N/A
N/A,SSS044_SED-2,10.58052/IEWDR01SC,Sediment,4.58,0.67,13.93,2.04,N/A
N/A,SSS044_SED-3,10.58052/IEWDR01SC,Sediment,5.99,0.75,18.64,2.33,N/A
N/A,SSS045_SED-1,10.58052/IEWDR01SD,Sediment,9.47,1.75,27.57,5.09,N/A
N/A,SSS045_SED-2,10.58052/IEWDR01SD,Sediment,9.77,1.54,28.71,4.53,N/A
N/A,SSS045_SED-3,10.58052/IEWDR01SD,Sediment,10.23,1.84,30.2,5.43,N/A
N/A,SSS046_SED-1,10.58052/IEWDR01SE,Sediment,5.55,0.59,16.25,1.73,ICR_PREP_006
N/A,SSS046_SED-2,10.58052/IEWDR01SE,Sediment,6.33,0.73,18.82,2.17,ICR_PREP_003
N/A,SSS046_SED-3,10.58052/IEWDR01SE,Sediment,6.61,0.77,19.05,2.22,N/A
N/A,SSS047_SED-1,10.58052/IEWDR01SF,Sediment,4.01,0.49,11.9,1.45,ICR_PREP_006
N/A,SSS047_SED-2,10.58052/IEWDR01SF,Sediment,4.44,0.62,12.9,1.8,ICR_PREP_006
N/A,SSS047_SED-3,10.58052/IEWDR01SF,Sediment,6.22,0.79,19.36,2.46,N/A
N/A,SSS048_SED-1,10.58052/IEWDR01SG,Sediment,6.61,0.9,18.4,2.5,N/A
N/A,SSS048_SED-2,10.58052/IEWDR01SG,Sediment,6.56,0.88,18.14,2.43,N/A
N/A,SSS048_SED-3,10.58052/IEWDR01SG,Sediment,5.44,0.88,15.26,2.47,N/A
#End_Data,,,,,,,,
